Maximum atomic number in file=18, Number of elements=11
***Atomic number=1; Number of charge states=1
**Charge state=1, Number of density intervals=2
1.900000e+01 1.852058e-31 8.000000e+03 8.230000e-02 3.803400e+00 -2.183500e+00 23 | run_id=20260526_125622 w=0.10 opt=slsqp
2.000000e+00 2.999991e+00 5.000000e+00 7.000032e+00 1.000000e+01 1.499996e+01 2.000000e+01 2.999991e+01 5.000000e+01 7.000032e+01 1.000000e+02 1.499996e+02 2.000000e+02 2.999991e+02 5.000000e+02 7.000032e+02 1.000000e+03 1.499996e+03 2.000000e+03 2.999991e+03 5.000000e+03 7.000032e+03 1.000000e+04
3.265277e-34 1.759341e-33 6.914488e-33 1.263310e-32 2.008862e-32 2.911387e-32 3.509458e-32 4.223087e-32 4.982760e-32 5.319368e-32 5.524335e-32 5.584316e-32 5.531335e-32 5.322676e-32 4.891815e-32 4.571619e-32 4.218325e-32 3.814170e-32 3.532889e-32 3.151374e-32 2.704145e-32 2.433100e-32 2.167504e-32
2.130000e+01 1.902989e-32 8.000000e+03 8.110000e-02 3.362600e+00 -1.838600e+00 23 | run_id=20260526_130234 w=0.10 opt=slsqp
2.000000e+00 2.999991e+00 5.000000e+00 7.000032e+00 1.000000e+01 1.499996e+01 2.000000e+01 2.999991e+01 5.000000e+01 7.000032e+01 1.000000e+02 1.499996e+02 2.000000e+02 2.999991e+02 5.000000e+02 7.000032e+02 1.000000e+03 1.499996e+03 2.000000e+03 2.999991e+03 5.000000e+03 7.000032e+03 1.000000e+04
1.549280e-34 6.532659e-34 1.985592e-33 3.193302e-33 4.609672e-33 6.245828e-33 7.332803e-33 8.721075e-33 1.048238e-32 1.151145e-32 1.245346e-32 1.332509e-32 1.381943e-32 1.426330e-32 1.439859e-32 1.434168e-32 1.416674e-32 1.383152e-32 1.351326e-32 1.296851e-32 1.214926e-32 1.154490e-32 1.086401e-32
***Atomic number=2; Number of charge states=2
**Charge state=1, Number of density intervals=1
1.900000e+01 1.705794e-32 8.000000e+03 4.354000e-01 5.281200e+00 -1.354200e+00 25 | run_id=20260526_131134 w=0.10 opt=slsqp
1.500687e+00 2.000921e+00 3.001373e+00 5.002303e+00 7.003256e+00 1.000461e+01 1.500687e+01 2.000921e+01 3.001373e+01 5.002303e+01 7.003256e+01 1.000461e+02 1.500687e+02 2.000921e+02 3.001373e+02 5.002303e+02 7.003256e+02 1.000461e+03 1.500687e+03 2.000921e+03 3.001373e+03 5.002303e+03 7.003256e+03 1.000461e+04 1.500687e+04
4.427413e-38 1.058620e-36 2.447992e-35 3.185591e-34 1.008997e-33 2.531512e-33 5.539493e-33 8.447924e-33 1.328832e-32 1.974331e-32 2.357816e-32 2.690172e-32 2.979820e-32 3.103487e-32 3.183684e-32 3.276951e-32 3.340566e-32 3.409730e-32 3.490519e-32 3.549114e-32 3.633540e-32 3.742915e-32 3.816805e-32 3.896817e-32 3.989790e-32
**Charge state=2, Number of density intervals=1
1.900000e+01 7.540645e-32 8.000000e+03 1.946000e-01 6.630900e+00 -1.970200e+00 25 | run_id=20260526_131144 w=0.15 opt=slsqp
1.500687e+00 2.000921e+00 3.001373e+00 5.002303e+00 7.003256e+00 1.000461e+01 1.500687e+01 2.000921e+01 3.001373e+01 5.002303e+01 7.003256e+01 1.000461e+02 1.500687e+02 2.000921e+02 3.001373e+02 5.002303e+02 7.003256e+02 1.000461e+03 1.500687e+03 2.000921e+03 3.001373e+03 5.002303e+03 7.003256e+03 1.000461e+04 1.500687e+04
2.087757e-43 1.417164e-40 1.137706e-37 2.221775e-35 2.095560e-34 1.102275e-33 3.908679e-33 7.239357e-33 1.307796e-32 2.022926e-32 2.387481e-32 2.663545e-32 2.861212e-32 2.938597e-32 2.974062e-32 2.956787e-32 2.908238e-32 2.810865e-32 2.691039e-32 2.609096e-32 2.497871e-32 2.364395e-32 2.280447e-32 2.194674e-32 2.101116e-32
***Atomic number=3; Number of charge states=3
**Charge state=1, Number of density intervals=14
1.400000e+01 1.338320e-30 8.000000e+03 8.000000e-02 2.325300e+00 -2.420300e+00 20 | run_id=20260526_131148 w=0.10 opt=slsqp
3.001373e+00 5.002303e+00 7.003256e+00 1.000461e+01 2.000921e+01 3.001373e+01 4.001843e+01 5.002303e+01 6.002746e+01 7.003256e+01 9.004094e+01 1.000461e+02 3.001373e+02 5.002303e+02 7.003256e+02 1.000461e+03 3.001373e+03 5.002303e+03 7.003256e+03 1.000461e+04
1.272506e-31 1.826165e-31 2.142249e-31 2.390067e-31 2.564484e-31 2.513680e-31 2.442587e-31 2.369954e-31 2.302025e-31 2.240578e-31 2.129610e-31 2.078596e-31 1.568628e-31 1.375118e-31 1.260898e-31 1.150138e-31 8.665228e-32 7.596263e-32 6.965142e-32 6.353456e-32
1.470000e+01 1.338320e-30 8.000000e+03 8.000000e-02 2.325300e+00 -2.420300e+00 20 | run_id=20260526_131151 w=0.10 opt=slsqp
3.001373e+00 5.002303e+00 7.003256e+00 1.000461e+01 2.000921e+01 3.001373e+01 4.001843e+01 5.002303e+01 6.002746e+01 7.003256e+01 9.004094e+01 1.000461e+02 3.001373e+02 5.002303e+02 7.003256e+02 1.000461e+03 3.001373e+03 5.002303e+03 7.003256e+03 1.000461e+04
1.272506e-31 1.826165e-31 2.142249e-31 2.390067e-31 2.564484e-31 2.513680e-31 2.442587e-31 2.369954e-31 2.302025e-31 2.240578e-31 2.129610e-31 2.078596e-31 1.568628e-31 1.375118e-31 1.260898e-31 1.150138e-31 8.665228e-32 7.596263e-32 6.965142e-32 6.353456e-32
1.500000e+01 1.338320e-30 8.000000e+03 8.000000e-02 2.325300e+00 -2.420300e+00 20 | run_id=20260526_131154 w=0.10 opt=slsqp
3.001373e+00 5.002303e+00 7.003256e+00 1.000461e+01 2.000921e+01 3.001373e+01 4.001843e+01 5.002303e+01 6.002746e+01 7.003256e+01 9.004094e+01 1.000461e+02 3.001373e+02 5.002303e+02 7.003256e+02 1.000461e+03 3.001373e+03 5.002303e+03 7.003256e+03 1.000461e+04
1.272506e-31 1.826165e-31 2.142249e-31 2.390067e-31 2.564484e-31 2.513680e-31 2.442587e-31 2.369954e-31 2.302025e-31 2.240578e-31 2.129610e-31 2.078596e-31 1.568628e-31 1.375118e-31 1.260898e-31 1.150138e-31 8.665228e-32 7.596263e-32 6.965142e-32 6.353456e-32
1.600000e+01 1.338320e-30 8.000000e+03 8.000000e-02 2.325300e+00 -2.420300e+00 20 | run_id=20260526_131157 w=0.10 opt=slsqp
3.001373e+00 5.002303e+00 7.003256e+00 1.000461e+01 2.000921e+01 3.001373e+01 4.001843e+01 5.002303e+01 6.002746e+01 7.003256e+01 9.004094e+01 1.000461e+02 3.001373e+02 5.002303e+02 7.003256e+02 1.000461e+03 3.001373e+03 5.002303e+03 7.003256e+03 1.000461e+04
1.272506e-31 1.826165e-31 2.142249e-31 2.390067e-31 2.564484e-31 2.513680e-31 2.442587e-31 2.369954e-31 2.302025e-31 2.240578e-31 2.129610e-31 2.078596e-31 1.568628e-31 1.375118e-31 1.260898e-31 1.150138e-31 8.665228e-32 7.596263e-32 6.965142e-32 6.353456e-32
1.670000e+01 1.337203e-30 8.000000e+03 8.000000e-02 2.324400e+00 -2.420000e+00 20 | run_id=20260526_131200 w=0.10 opt=slsqp
3.001373e+00 5.002303e+00 7.003256e+00 1.000461e+01 2.000921e+01 3.001373e+01 4.001843e+01 5.002303e+01 6.002746e+01 7.003256e+01 9.004094e+01 1.000461e+02 3.001373e+02 5.002303e+02 7.003256e+02 1.000461e+03 3.001373e+03 5.002303e+03 7.003256e+03 1.000461e+04
1.272624e-31 1.827259e-31 2.142595e-31 2.389736e-31 2.564897e-31 2.513449e-31 2.443093e-31 2.371647e-31 2.303297e-31 2.239340e-31 2.125641e-31 2.075344e-31 1.568700e-31 1.375340e-31 1.261159e-31 1.150482e-31 8.669619e-32 7.600812e-32 6.969955e-32 6.358139e-32
1.700000e+01 1.331632e-30 8.000000e+03 8.000000e-02 2.321900e+00 -2.418200e+00 20 | run_id=20260526_131203 w=0.10 opt=slsqp
3.001373e+00 5.002303e+00 7.003256e+00 1.000461e+01 2.000921e+01 3.001373e+01 4.001843e+01 5.002303e+01 6.002746e+01 7.003256e+01 9.004094e+01 1.000461e+02 3.001373e+02 5.002303e+02 7.003256e+02 1.000461e+03 3.001373e+03 5.002303e+03 7.003256e+03 1.000461e+04
1.272887e-31 1.826081e-31 2.142299e-31 2.390067e-31 2.564602e-31 2.513333e-31 2.442137e-31 2.371155e-31 2.302131e-31 2.235630e-31 2.119825e-31 2.071095e-31 1.568953e-31 1.376354e-31 1.262583e-31 1.152259e-31 8.694007e-32 7.626759e-32 6.996325e-32 6.384987e-32
1.770000e+01 1.344757e-30 8.000000e+03 8.060000e-02 2.332700e+00 -2.424100e+00 20 | run_id=20260526_131207 w=0.10 opt=slsqp
3.001373e+00 5.002303e+00 7.003256e+00 1.000461e+01 2.000921e+01 3.001373e+01 4.001843e+01 5.002303e+01 6.002746e+01 7.003256e+01 9.004094e+01 1.000461e+02 3.001373e+02 5.002303e+02 7.003256e+02 1.000461e+03 3.001373e+03 5.002303e+03 7.003256e+03 1.000461e+04
1.265785e-31 1.812049e-31 2.132063e-31 2.379195e-31 2.553172e-31 2.508188e-31 2.429965e-31 2.357925e-31 2.293243e-31 2.232749e-31 2.121778e-31 2.071190e-31 1.567942e-31 1.371008e-31 1.255018e-31 1.142747e-31 8.562291e-32 7.486865e-32 6.853462e-32 6.240365e-32
1.800000e+01 1.342796e-30 8.000000e+03 8.010000e-02 2.336400e+00 -2.425100e+00 20 | run_id=20260526_131210 w=0.10 opt=slsqp
3.001373e+00 5.002303e+00 7.003256e+00 1.000461e+01 2.000921e+01 3.001373e+01 4.001843e+01 5.002303e+01 6.002746e+01 7.003256e+01 9.004094e+01 1.000461e+02 3.001373e+02 5.002303e+02 7.003256e+02 1.000461e+03 3.001373e+03 5.002303e+03 7.003256e+03 1.000461e+04
1.259099e-31 1.806300e-31 2.118654e-31 2.358740e-31 2.537874e-31 2.494020e-31 2.421698e-31 2.354236e-31 2.291923e-31 2.232030e-31 2.119093e-31 2.066950e-31 1.567076e-31 1.369021e-31 1.252478e-31 1.139725e-31 8.523344e-32 7.446291e-32 6.812241e-32 6.199119e-32
1.870000e+01 1.151339e-30 8.000000e+03 1.053000e-01 2.293800e+00 -2.352900e+00 20 | run_id=20260526_131213 w=0.10 opt=slsqp
3.001373e+00 5.002303e+00 7.003256e+00 1.000461e+01 2.000921e+01 3.001373e+01 4.001843e+01 5.002303e+01 6.002746e+01 7.003256e+01 9.004094e+01 1.000461e+02 3.001373e+02 5.002303e+02 7.003256e+02 1.000461e+03 3.001373e+03 5.002303e+03 7.003256e+03 1.000461e+04
1.222475e-31 1.727826e-31 2.010666e-31 2.223719e-31 2.388416e-31 2.368045e-31 2.326805e-31 2.270544e-31 2.211465e-31 2.156801e-31 2.060488e-31 2.017530e-31 1.550137e-31 1.372366e-31 1.266572e-31 1.163322e-31 8.952411e-32 7.925926e-32 7.314927e-32 6.718464e-32
1.900000e+01 1.034799e-30 8.000000e+03 8.000000e-02 2.261200e+00 -2.348700e+00 20 | run_id=20260526_131216 w=0.10 opt=slsqp
3.001373e+00 5.002303e+00 7.003256e+00 1.000461e+01 2.000921e+01 3.001373e+01 4.001843e+01 5.002303e+01 6.002746e+01 7.003256e+01 9.004094e+01 1.000461e+02 3.001373e+02 5.002303e+02 7.003256e+02 1.000461e+03 3.001373e+03 5.002303e+03 7.003256e+03 1.000461e+04
1.158511e-31 1.621250e-31 1.865177e-31 2.033855e-31 2.178863e-31 2.178312e-31 2.160529e-31 2.119679e-31 2.071476e-31 2.026562e-31 1.944957e-31 1.907085e-31 1.497787e-31 1.331711e-31 1.232509e-31 1.135403e-31 8.817998e-32 7.840252e-32 7.256213e-32 6.684517e-32
1.970000e+01 3.566699e-31 8.000000e+03 1.499000e-01 1.836900e+00 -2.042200e+00 20 | run_id=20260526_131219 w=0.25 opt=slsqp
3.001373e+00 5.002303e+00 7.003256e+00 1.000461e+01 2.000921e+01 3.001373e+01 4.001843e+01 5.002303e+01 6.002746e+01 7.003256e+01 9.004094e+01 1.000461e+02 3.001373e+02 5.002303e+02 7.003256e+02 1.000461e+03 3.001373e+03 5.002303e+03 7.003256e+03 1.000461e+04
7.925196e-32 1.006051e-31 1.088128e-31 1.125952e-31 1.171575e-31 1.179723e-31 1.202181e-31 1.198699e-31 1.184023e-31 1.172060e-31 1.153108e-31 1.143958e-31 1.019131e-31 9.646949e-32 9.304435e-32 8.954679e-32 7.957561e-32 7.532688e-32 7.265241e-32 6.991977e-32
2.000000e+01 2.012330e-31 8.000000e+03 8.010000e-02 1.572300e+00 -2.029300e+00 20 | run_id=20260526_131223 w=0.25 opt=slsqp
3.001373e+00 5.002303e+00 7.003256e+00 1.000461e+01 2.000921e+01 3.001373e+01 4.001843e+01 5.002303e+01 6.002746e+01 7.003256e+01 9.004094e+01 1.000461e+02 3.001373e+02 5.002303e+02 7.003256e+02 1.000461e+03 3.001373e+03 5.002303e+03 7.003256e+03 1.000461e+04
5.568395e-32 6.705173e-32 7.045957e-32 7.126889e-32 7.277128e-32 7.332803e-32 7.497043e-32 7.518825e-32 7.471538e-32 7.431731e-32 7.367667e-32 7.334491e-32 6.873849e-32 6.651966e-32 6.509685e-32 6.362093e-32 5.928434e-32 5.736936e-32 5.614227e-32 5.487064e-32
2.070000e+01 4.314451e-32 8.000000e+03 1.082000e-01 1.065000e+00 -1.913800e+00 20 | run_id=20260526_131226 w=0.10 opt=slsqp
3.001373e+00 5.002303e+00 7.003256e+00 1.000461e+01 2.000921e+01 3.001373e+01 4.001843e+01 5.002303e+01 6.002746e+01 7.003256e+01 9.004094e+01 1.000461e+02 3.001373e+02 5.002303e+02 7.003256e+02 1.000461e+03 3.001373e+03 5.002303e+03 7.003256e+03 1.000461e+04
1.617633e-32 1.795602e-32 1.815599e-32 1.786899e-32 1.787434e-32 1.799368e-32 1.844761e-32 1.854727e-32 1.848290e-32 1.845568e-32 1.845993e-32 1.845993e-32 1.828058e-32 1.812300e-32 1.801980e-32 1.791142e-32 1.758045e-32 1.742890e-32 1.732966e-32 1.722543e-32
2.100000e+01 2.168325e-32 8.000000e+03 1.089000e-01 8.521000e-01 -1.888200e+00 20 | run_id=20260526_131229 w=0.25 opt=slsqp
3.001373e+00 5.002303e+00 7.003256e+00 1.000461e+01 2.000921e+01 3.001373e+01 4.001843e+01 5.002303e+01 6.002746e+01 7.003256e+01 9.004094e+01 1.000461e+02 3.001373e+02 5.002303e+02 7.003256e+02 1.000461e+03 3.001373e+03 5.002303e+03 7.003256e+03 1.000461e+04
8.593498e-33 9.376700e-33 9.428661e-33 9.251880e-33 9.195810e-33 9.250389e-33 9.480473e-33 9.545749e-33 9.530375e-33 9.527742e-33 9.542452e-33 9.546408e-33 9.550146e-33 9.550366e-33 9.550586e-33 9.550805e-33 9.551465e-33 9.551685e-33 9.551905e-33 9.552125e-33
**Charge state=2, Number of density intervals=12
1.400000e+01 1.304689e-32 8.000000e+03 6.579000e-01 7.668100e+00 -1.306700e+00 20 | run_id=20260526_131322 w=0.15 opt=slsqp
3.001373e+00 5.002303e+00 7.003256e+00 1.000461e+01 2.000921e+01 3.001373e+01 4.001843e+01 5.002303e+01 6.002746e+01 7.003256e+01 9.004094e+01 1.000461e+02 3.001373e+02 5.002303e+02 7.003256e+02 1.000461e+03 3.001373e+03 5.002303e+03 7.003256e+03 1.000461e+04
3.735339e-40 8.568997e-37 2.261934e-35 2.409961e-34 2.635724e-33 5.929799e-33 8.765365e-33 1.120082e-32 1.346852e-32 1.531370e-32 1.767828e-32 1.858061e-32 2.596211e-32 2.719819e-32 2.725649e-32 2.687386e-32 2.554759e-32 2.498504e-32 2.462578e-32 2.425269e-32
1.470000e+01 6.633979e-33 8.000001e+03 1.000400e+00 7.673800e+00 -9.722000e-01 20 | run_id=20260526_131411 w=0.15 opt=slsqp
3.001373e+00 5.002303e+00 7.003256e+00 1.000461e+01 2.000921e+01 3.001373e+01 4.001843e+01 5.002303e+01 6.002746e+01 7.003256e+01 9.004094e+01 1.000461e+02 3.001373e+02 5.002303e+02 7.003256e+02 1.000461e+03 3.001373e+03 5.002303e+03 7.003256e+03 1.000461e+04
3.712787e-40 8.571957e-37 2.262039e-35 2.410571e-34 2.633237e-33 5.925841e-33 8.776068e-33 1.122871e-32 1.347473e-32 1.529255e-32 1.766933e-32 1.858189e-32 2.602795e-32 2.719130e-32 2.730864e-32 2.688066e-32 2.532212e-32 2.465926e-32 2.423651e-32 2.379797e-32
1.500000e+01 4.041996e-32 7.999930e+03 1.149000e-01 7.676800e+00 -1.858600e+00 20 | run_id=20260526_131516 w=0.15 opt=slsqp
3.001373e+00 5.002303e+00 7.003256e+00 1.000461e+01 2.000921e+01 3.001373e+01 4.001843e+01 5.002303e+01 6.002746e+01 7.003256e+01 9.004094e+01 1.000461e+02 3.001373e+02 5.002303e+02 7.003256e+02 1.000461e+03 3.001373e+03 5.002303e+03 7.003256e+03 1.000461e+04
3.622847e-40 8.585389e-37 2.262559e-35 2.411182e-34 2.631601e-33 5.924340e-33 8.776270e-33 1.122871e-32 1.347535e-32 1.529396e-32 1.766973e-32 1.858232e-32 2.602556e-32 2.719068e-32 2.731304e-32 2.688128e-32 2.530055e-32 2.462805e-32 2.419914e-32 2.375527e-32
1.570000e+01 1.337593e-32 8.000001e+03 6.570000e-01 7.674900e+00 -1.316400e+00 20 | run_id=20260526_131608 w=0.15 opt=slsqp
3.001373e+00 5.002303e+00 7.003256e+00 1.000461e+01 2.000921e+01 3.001373e+01 4.001843e+01 5.002303e+01 6.002746e+01 7.003256e+01 9.004094e+01 1.000461e+02 3.001373e+02 5.002303e+02 7.003256e+02 1.000461e+03 3.001373e+03 5.002303e+03 7.003256e+03 1.000461e+04
3.607032e-40 8.587960e-37 2.262768e-35 2.411460e-34 2.626516e-33 5.921067e-33 8.768595e-33 1.121063e-32 1.345303e-32 1.527461e-32 1.766322e-32 1.857933e-32 2.602316e-32 2.719005e-32 2.731618e-32 2.688190e-32 2.528483e-32 2.460538e-32 2.417241e-32 2.372357e-32
1.600000e+01 1.348156e-32 8.000001e+03 6.527000e-01 7.675000e+00 -1.320600e+00 20 | run_id=20260526_131706 w=0.15 opt=slsqp
3.001373e+00 5.002303e+00 7.003256e+00 1.000461e+01 2.000921e+01 3.001373e+01 4.001843e+01 5.002303e+01 6.002746e+01 7.003256e+01 9.004094e+01 1.000461e+02 3.001373e+02 5.002303e+02 7.003256e+02 1.000461e+03 3.001373e+03 5.002303e+03 7.003256e+03 1.000461e+04
3.604873e-40 8.588157e-37 2.262924e-35 2.411682e-34 2.623856e-33 5.911259e-33 8.761127e-33 1.121192e-32 1.345055e-32 1.526546e-32 1.765347e-32 1.857077e-32 2.602256e-32 2.718942e-32 2.731618e-32 2.688128e-32 2.528308e-32 2.460311e-32 2.416963e-32 2.372029e-32
1.670000e+01 1.369003e-32 8.000001e+03 6.439000e-01 7.675700e+00 -1.328700e+00 20 | run_id=20260526_131804 w=0.15 opt=slsqp
3.001373e+00 5.002303e+00 7.003256e+00 1.000461e+01 2.000921e+01 3.001373e+01 4.001843e+01 5.002303e+01 6.002746e+01 7.003256e+01 9.004094e+01 1.000461e+02 3.001373e+02 5.002303e+02 7.003256e+02 1.000461e+03 3.001373e+03 5.002303e+03 7.003256e+03 1.000461e+04
3.603628e-40 8.588157e-37 2.259488e-35 2.411404e-34 2.613665e-33 5.904457e-33 8.753667e-33 1.119309e-32 1.342425e-32 1.524018e-32 1.764412e-32 1.856650e-32 2.601896e-32 2.718755e-32 2.731555e-32 2.688066e-32 2.528192e-32 2.460141e-32 2.416796e-32 2.371811e-32
1.700000e+01 1.341671e-32 8.000001e+03 6.527000e-01 7.676100e+00 -1.319400e+00 20 | run_id=20260526_131909 w=0.15 opt=slsqp
3.001373e+00 5.002303e+00 7.003256e+00 1.000461e+01 2.000921e+01 3.001373e+01 4.001843e+01 5.002303e+01 6.002746e+01 7.003256e+01 9.004094e+01 1.000461e+02 3.001373e+02 5.002303e+02 7.003256e+02 1.000461e+03 3.001373e+03 5.002303e+03 7.003256e+03 1.000461e+04
3.604458e-40 8.579263e-37 2.258188e-35 2.409517e-34 2.607174e-33 5.893727e-33 8.746011e-33 1.118613e-32 1.340448e-32 1.521143e-32 1.762869e-32 1.855752e-32 2.601777e-32 2.718692e-32 2.731492e-32 2.688066e-32 2.528192e-32 2.460141e-32 2.416796e-32 2.371811e-32
1.770000e+01 1.450541e-32 8.000010e+03 6.101000e-01 7.679400e+00 -1.359900e+00 20 | run_id=20260526_132146 w=0.15 opt=slsqp
3.001373e+00 5.002303e+00 7.003256e+00 1.000461e+01 2.000921e+01 3.001373e+01 4.001843e+01 5.002303e+01 6.002746e+01 7.003256e+01 9.004094e+01 1.000461e+02 3.001373e+02 5.002303e+02 7.003256e+02 1.000461e+03 3.001373e+03 5.002303e+03 7.003256e+03 1.000461e+04
3.585750e-40 8.530805e-37 2.245588e-35 2.395190e-34 2.584402e-33 5.846151e-33 8.695809e-33 1.114038e-32 1.334474e-32 1.514154e-32 1.757802e-32 1.851740e-32 2.601178e-32 2.718379e-32 2.731304e-32 2.688005e-32 2.528366e-32 2.460424e-32 2.417074e-32 2.372193e-32
1.800000e+01 1.519524e-32 7.999998e+03 5.845000e-01 7.682900e+00 -1.384200e+00 20 | run_id=20260526_132400 w=0.15 opt=slsqp
3.001373e+00 5.002303e+00 7.003256e+00 1.000461e+01 2.000921e+01 3.001373e+01 4.001843e+01 5.002303e+01 6.002746e+01 7.003256e+01 9.004094e+01 1.000461e+02 3.001373e+02 5.002303e+02 7.003256e+02 1.000461e+03 3.001373e+03 5.002303e+03 7.003256e+03 1.000461e+04
3.567549e-40 8.489459e-37 2.231259e-35 2.380017e-34 2.565311e-33 5.813933e-33 8.663632e-33 1.110759e-32 1.329964e-32 1.509072e-32 1.754608e-32 1.849354e-32 2.600878e-32 2.718129e-32 2.731178e-32 2.687943e-32 2.528599e-32 2.460708e-32 2.417408e-32 2.372575e-32
1.870000e+01 6.314969e-33 8.000001e+03 1.000500e+00 7.705400e+00 -9.616000e-01 20 | run_id=20260526_132540 w=0.15 opt=slsqp
3.001373e+00 5.002303e+00 7.003256e+00 1.000461e+01 2.000921e+01 3.001373e+01 4.001843e+01 5.002303e+01 6.002746e+01 7.003256e+01 9.004094e+01 1.000461e+02 3.001373e+02 5.002303e+02 7.003256e+02 1.000461e+03 3.001373e+03 5.002303e+03 7.003256e+03 1.000461e+04
3.448736e-40 8.207672e-37 2.145557e-35 2.273579e-34 2.460651e-33 5.644169e-33 8.489654e-33 1.093226e-32 1.307947e-32 1.485046e-32 1.739002e-32 1.837934e-32 2.592328e-32 2.717127e-32 2.730423e-32 2.687943e-32 2.529473e-32 2.461898e-32 2.418745e-32 2.374105e-32
1.900000e+01 2.287217e-32 8.000000e+03 3.590000e-01 7.735700e+00 -1.597600e+00 20 | run_id=20260526_132714 w=0.15 opt=slsqp
3.001373e+00 5.002303e+00 7.003256e+00 1.000461e+01 2.000921e+01 3.001373e+01 4.001843e+01 5.002303e+01 6.002746e+01 7.003256e+01 9.004094e+01 1.000461e+02 3.001373e+02 5.002303e+02 7.003256e+02 1.000461e+03 3.001373e+03 5.002303e+03 7.003256e+03 1.000461e+04
3.332422e-40 7.892962e-37 2.043808e-35 2.159335e-34 2.369682e-33 5.485169e-33 8.309598e-33 1.075177e-32 1.289704e-32 1.467608e-32 1.725639e-32 1.826333e-32 2.590001e-32 2.715876e-32 2.729669e-32 2.688005e-32 2.531804e-32 2.465074e-32 2.422479e-32 2.378373e-32
1.970000e+01 3.442640e-32 8.000000e+03 9.420000e-02 7.778500e+00 -1.835600e+00 20 | run_id=20260526_133437 w=0.10 opt=slsqp
3.001373e+00 5.002303e+00 7.003256e+00 1.000461e+01 2.000921e+01 3.001373e+01 4.001843e+01 5.002303e+01 6.002746e+01 7.003256e+01 9.004094e+01 1.000461e+02 3.001373e+02 5.002303e+02 7.003256e+02 1.000461e+03 3.001373e+03 5.002303e+03 7.003256e+03 1.000461e+04
2.859433e-40 6.476494e-37 1.625362e-35 1.669591e-34 1.989665e-33 4.829476e-33 7.578443e-33 9.997007e-33 1.206230e-32 1.381434e-32 1.660963e-32 1.772842e-32 2.576143e-32 2.707136e-32 2.723642e-32 2.674546e-32 2.486280e-32 2.405470e-32 2.354019e-32 2.300859e-32
**Charge state=3, Number of density intervals=1
1.900000e+01 4.860939e-32 8.000002e+03 1.945000e-01 9.855700e+00 -1.916700e+00 20 | run_id=20260526_133925 w=0.10 opt=slsqp
3.001373e+00 5.002303e+00 7.003256e+00 1.000461e+01 2.000921e+01 3.001373e+01 4.001843e+01 5.002303e+01 6.002746e+01 7.003256e+01 9.004094e+01 1.000461e+02 3.001373e+02 5.002303e+02 7.003256e+02 1.000461e+03 3.001373e+03 5.002303e+03 7.003256e+03 1.000461e+04
6.311317e-45 8.266468e-40 1.418176e-37 6.417856e-36 5.237572e-34 2.195432e-33 4.422827e-33 6.691138e-33 8.765567e-33 1.058522e-32 1.355252e-32 1.475741e-32 2.287178e-32 2.419970e-32 2.443206e-32 2.414571e-32 2.168852e-32 2.049368e-32 1.974286e-32 1.897711e-32
***Atomic number=4; Number of charge states=4
**Charge state=1, Number of density intervals=1
1.900000e+01 5.689967e-31 8.000001e+03 8.030000e-02 2.951900e+00 -2.070800e+00 20 | run_id=20260526_134448 w=0.10 opt=slsqp
2.000921e+00 3.001373e+00 4.502047e+00 7.003256e+00 1.100500e+01 1.800819e+01 2.801302e+01 4.502047e+01 7.003256e+01 1.000461e+02 1.700787e+02 2.701282e+02 4.301996e+02 6.703166e+02 1.050485e+03 1.647783e+03 2.501152e+03 4.051912e+03 6.302894e+03 1.000461e+04
1.353287e-32 2.922739e-32 5.211947e-32 8.548305e-32 1.258549e-31 1.676255e-31 1.983673e-31 2.179967e-31 2.237845e-31 2.219883e-31 2.103439e-31 1.983170e-31 1.868788e-31 1.765022e-31 1.665290e-31 1.570761e-31 1.487784e-31 1.397237e-31 1.319107e-31 1.242081e-31
**Charge state=2, Number of density intervals=1
1.900000e+01 9.808704e-31 8.000007e+03 8.390000e-02 2.451300e+00 -2.419700e+00 20 | run_id=20260526_135105 w=0.10 opt=slsqp
2.000921e+00 3.001373e+00 4.502047e+00 7.003256e+00 1.100500e+01 1.800819e+01 2.801302e+01 4.502047e+01 7.003256e+01 1.000461e+02 1.700787e+02 2.701282e+02 4.301996e+02 6.703166e+02 1.050485e+03 1.647783e+03 2.501152e+03 4.051912e+03 6.302894e+03 1.000461e+04
3.992822e-32 7.048229e-32 1.026053e-31 1.352415e-31 1.609756e-31 1.781722e-31 1.850546e-31 1.834298e-31 1.755860e-31 1.660275e-31 1.482757e-31 1.317468e-31 1.151516e-31 1.001221e-31 8.657650e-32 7.482729e-32 6.536270e-32 5.590492e-32 4.844846e-32 4.171190e-32
**Charge state=3, Number of density intervals=1
1.900000e+01 7.282280e-33 8.000002e+03 8.544000e-01 1.087270e+01 -1.136100e+00 20 | run_id=20260526_140342 w=0.20 opt=slsqp
2.000921e+00 3.001373e+00 4.502047e+00 7.003256e+00 1.100500e+01 1.800819e+01 2.801302e+01 4.502047e+01 7.003256e+01 1.000461e+02 1.700787e+02 2.701282e+02 4.301996e+02 6.703166e+02 1.050485e+03 1.647783e+03 2.501152e+03 4.051912e+03 6.302894e+03 1.000461e+04
8.685604e-57 7.768372e-49 4.246489e-43 4.836598e-39 2.150503e-36 1.228485e-34 1.037863e-33 3.946663e-33 8.186344e-33 1.192065e-32 1.691375e-32 2.084491e-32 2.404197e-32 2.601297e-32 2.684417e-32 2.674238e-32 2.620294e-32 2.556584e-32 2.501670e-32 2.446583e-32
**Charge state=4, Number of density intervals=1
1.900000e+01 4.884097e-32 8.000000e+03 8.000000e-02 1.313600e+01 -2.028600e+00 20 | run_id=20260526_140727 w=0.10 opt=slsqp
2.000921e+00 3.001373e+00 4.502047e+00 7.003256e+00 1.100500e+01 1.800819e+01 2.801302e+01 4.502047e+01 7.003256e+01 1.000461e+02 1.700787e+02 2.701282e+02 4.301996e+02 6.703166e+02 1.050485e+03 1.647783e+03 2.501152e+03 4.051912e+03 6.302894e+03 1.000461e+04
1.355283e-67 1.406663e-55 1.770435e-47 5.156559e-42 2.113732e-38 5.645989e-36 1.252853e-34 9.996777e-34 3.274085e-33 6.086113e-33 1.074261e-32 1.416707e-32 1.645622e-32 1.792792e-32 1.866767e-32 1.862044e-32 1.809714e-32 1.695431e-32 1.584820e-32 1.476828e-32
***Atomic number=5; Number of charge states=5
**Charge state=1, Number of density intervals=1
1.900000e+01 6.402450e-30 8.000000e+03 2.005000e-01 2.333600e+00 -2.797700e+00 46 | run_id=20260526_140733 w=0.10 opt=slsqp
1.584893e+00 1.995262e+00 2.511886e+00 3.162278e+00 3.981072e+00 5.011872e+00 6.309573e+00 7.943282e+00 1.000000e+01 1.258925e+01 1.584893e+01 1.995262e+01 2.511886e+01 3.162278e+01 3.981072e+01 5.011872e+01 6.309573e+01 7.943282e+01 1.000000e+02 1.258925e+02 1.584893e+02 1.995262e+02 2.511886e+02 3.162278e+02 3.981072e+02 5.011872e+02 6.309573e+02 7.943282e+02 1.000000e+03 1.258925e+03 1.584893e+03 1.995262e+03 2.511886e+03 3.162278e+03 3.981072e+03 5.011872e+03 6.309573e+03 7.943282e+03 1.000000e+04 1.258925e+04 1.584893e+04 1.995262e+04 2.511886e+04 3.162278e+04 3.981072e+04 5.011872e+04
9.911514e-32 1.772842e-31 2.753087e-31 3.819707e-31 4.844065e-31 5.717814e-31 6.373823e-31 6.788284e-31 6.971400e-31 6.954886e-31 6.780161e-31 6.489482e-31 6.121107e-31 5.706765e-31 5.271692e-31 4.834037e-31 4.406868e-31 3.998895e-31 3.615264e-31 3.258817e-31 2.930758e-31 2.630813e-31 2.358088e-31 2.111154e-31 1.888339e-31 1.687757e-31 1.507648e-31 1.346077e-31 1.201434e-31 1.072013e-31 9.562908e-32 8.528841e-32 7.605889e-32 6.781722e-32 6.046304e-32 5.390264e-32 4.805294e-32 4.283413e-32 3.818212e-32 3.403377e-32 3.033542e-32 2.703834e-32 2.409905e-32 2.147929e-32 1.914432e-32 1.706318e-32
**Charge state=2, Number of density intervals=1
1.900000e+01 4.171989e-30 8.000000e+03 1.298000e-01 2.606500e+00 -2.843400e+00 46 | run_id=20260526_142053 w=0.10 opt=slsqp
1.584893e+00 1.995262e+00 2.511886e+00 3.162278e+00 3.981072e+00 5.011872e+00 6.309573e+00 7.943282e+00 1.000000e+01 1.258925e+01 1.584893e+01 1.995262e+01 2.511886e+01 3.162278e+01 3.981072e+01 5.011872e+01 6.309573e+01 7.943282e+01 1.000000e+02 1.258925e+02 1.584893e+02 1.995262e+02 2.511886e+02 3.162278e+02 3.981072e+02 5.011872e+02 6.309573e+02 7.943282e+02 1.000000e+03 1.258925e+03 1.584893e+03 1.995262e+03 2.511886e+03 3.162278e+03 3.981072e+03 5.011872e+03 6.309573e+03 7.943282e+03 1.000000e+04 1.258925e+04 1.584893e+04 1.995262e+04 2.511886e+04 3.162278e+04 3.981072e+04 5.011872e+04
3.408867e-32 6.156587e-32 1.003460e-31 1.493344e-31 2.047057e-31 2.607594e-31 3.115947e-31 3.526306e-31 3.813116e-31 3.971184e-31 4.010883e-31 3.951482e-31 3.815311e-31 3.624933e-31 3.399617e-31 3.155586e-31 2.904825e-31 2.656440e-31 2.416518e-31 2.189122e-31 1.976423e-31 1.779713e-31 1.599190e-31 1.434564e-31 1.285227e-31 1.150165e-31 1.028442e-31 9.189460e-32 8.206916e-32 7.326558e-32 6.538227e-32 5.833242e-32 5.203074e-32 4.640342e-32 4.137900e-32 3.689436e-32 3.289198e-32 2.932311e-32 2.613966e-32 2.330076e-32 2.076969e-32 1.851271e-32 1.650061e-32 1.470720e-32 1.310841e-32 1.168342e-32
**Charge state=3, Number of density intervals=1
1.900000e+01 1.151351e-30 8.000000e+03 2.705000e-01 2.495000e+00 -2.703500e+00 46 | run_id=20260526_142100 w=0.10 opt=slsqp
1.584893e+00 1.995262e+00 2.511886e+00 3.162278e+00 3.981072e+00 5.011872e+00 6.309573e+00 7.943282e+00 1.000000e+01 1.258925e+01 1.584893e+01 1.995262e+01 2.511886e+01 3.162278e+01 3.981072e+01 5.011872e+01 6.309573e+01 7.943282e+01 1.000000e+02 1.258925e+02 1.584893e+02 1.995262e+02 2.511886e+02 3.162278e+02 3.981072e+02 5.011872e+02 6.309573e+02 7.943282e+02 1.000000e+03 1.258925e+03 1.584893e+03 1.995262e+03 2.511886e+03 3.162278e+03 3.981072e+03 5.011872e+03 6.309573e+03 7.943282e+03 1.000000e+04 1.258925e+04 1.584893e+04 1.995262e+04 2.511886e+04 3.162278e+04 3.981072e+04 5.011872e+04
1.265465e-32 2.457027e-32 4.065088e-32 5.923931e-32 7.809442e-32 9.515684e-32 1.090210e-31 1.190337e-31 1.251440e-31 1.276615e-31 1.271042e-31 1.240509e-31 1.190913e-31 1.127795e-31 1.056039e-31 9.796253e-32 9.018203e-32 8.249735e-32 7.508445e-32 6.805186e-32 6.147238e-32 5.538090e-32 4.978288e-32 4.467350e-32 4.003409e-32 3.583604e-32 3.205015e-32 2.864310e-32 2.558409e-32 2.284126e-32 2.038591e-32 1.818863e-32 1.622445e-32 1.447038e-32 1.290387e-32 1.150562e-32 1.025794e-32 9.144922e-33 8.152485e-33 7.267081e-33 6.477688e-33 5.773777e-33 5.146358e-33 4.587013e-33 4.088462e-33 3.643930e-33
**Charge state=4, Number of density intervals=1
1.900000e+01 8.703342e-31 8.000000e+03 3.649000e-01 1.440100e+01 -2.633000e+00 46 | run_id=20260526_142904 w=0.15 opt=slsqp
1.584893e+00 1.995262e+00 2.511886e+00 3.162278e+00 3.981072e+00 5.011872e+00 6.309573e+00 7.943282e+00 1.000000e+01 1.258925e+01 1.584893e+01 1.995262e+01 2.511886e+01 3.162278e+01 3.981072e+01 5.011872e+01 6.309573e+01 7.943282e+01 1.000000e+02 1.258925e+02 1.584893e+02 1.995262e+02 2.511886e+02 3.162278e+02 3.981072e+02 5.011872e+02 6.309573e+02 7.943282e+02 1.000000e+03 1.258925e+03 1.584893e+03 1.995262e+03 2.511886e+03 3.162278e+03 3.981072e+03 5.011872e+03 6.309573e+03 7.943282e+03 1.000000e+04 1.258925e+04 1.584893e+04 1.995262e+04 2.511886e+04 3.162278e+04 3.981072e+04 5.011872e+04
1.000000e-80 1.355439e-75 1.932769e-66 3.525900e-59 2.016973e-53 7.375135e-49 3.035219e-45 2.204347e-42 4.037755e-40 2.477593e-38 6.378521e-37 8.237587e-36 6.149220e-35 2.969340e-34 1.014051e-33 2.629420e-33 5.477218e-33 9.585395e-33 1.460629e-32 1.993609e-32 2.493102e-32 2.908171e-32 3.209963e-32 3.390549e-32 3.458677e-32 3.431468e-32 3.330274e-32 3.175850e-32 2.986895e-32 2.778178e-32 2.561474e-32 2.345255e-32 2.135502e-32 1.935887e-32 1.748840e-32 1.575433e-32 1.416152e-32 1.270720e-32 1.138623e-32 1.019154e-32 9.114230e-33 8.144980e-33 7.274782e-33 6.494564e-33 5.796155e-33 5.171422e-33
**Charge state=5, Number of density intervals=1
1.900000e+01 8.844875e-31 8.000000e+03 8.000000e-02 1.618810e+01 -2.909400e+00 46 | run_id=20260526_143729 w=0.15 opt=slsqp
1.584893e+00 1.995262e+00 2.511886e+00 3.162278e+00 3.981072e+00 5.011872e+00 6.309573e+00 7.943282e+00 1.000000e+01 1.258925e+01 1.584893e+01 1.995262e+01 2.511886e+01 3.162278e+01 3.981072e+01 5.011872e+01 6.309573e+01 7.943282e+01 1.000000e+02 1.258925e+02 1.584893e+02 1.995262e+02 2.511886e+02 3.162278e+02 3.981072e+02 5.011872e+02 6.309573e+02 7.943282e+02 1.000000e+03 1.258925e+03 1.584893e+03 1.995262e+03 2.511886e+03 3.162278e+03 3.981072e+03 5.011872e+03 6.309573e+03 7.943282e+03 1.000000e+04 1.258925e+04 1.584893e+04 1.995262e+04 2.511886e+04 3.162278e+04 3.981072e+04 5.011872e+04
1.000000e-80 1.000000e-80 2.121436e-75 2.246415e-66 3.235192e-59 1.533769e-53 4.830810e-49 1.766282e-45 1.168369e-42 1.990444e-40 1.156458e-38 2.863057e-37 3.602716e-36 2.648073e-35 1.268966e-34 4.324242e-34 1.122742e-33 2.346335e-33 4.123348e-33 6.310736e-33 8.650277e-33 1.085875e-32 1.270954e-32 1.406857e-32 1.489635e-32 1.522615e-32 1.513108e-32 1.470449e-32 1.403848e-32 1.321448e-32 1.229986e-32 1.134723e-32 1.039394e-32 9.467602e-33 8.585192e-33 7.757468e-33 6.989563e-33 6.283766e-33 5.639103e-33 5.053357e-33 4.523452e-33 4.045573e-33 3.615514e-33 3.229312e-33 2.883168e-33 2.573120e-33
***Atomic number=6; Number of charge states=6
**Charge state=1, Number of density intervals=1
1.900000e+01 3.002252e-31 8.000000e+03 8.160000e-02 3.325400e+00 -1.910900e+00 25 | run_id=20260526_144348 w=0.10 opt=slsqp
1.500687e+00 2.000921e+00 3.001373e+00 5.002303e+00 7.003256e+00 1.000461e+01 1.500687e+01 2.000921e+01 3.001373e+01 5.002303e+01 7.003256e+01 1.000461e+02 1.500687e+02 2.000921e+02 3.001373e+02 5.002303e+02 7.003256e+02 1.000461e+03 1.500687e+03 2.000921e+03 3.001373e+03 5.002303e+03 7.003256e+03 1.000461e+04 1.500687e+04
6.355065e-34 2.247139e-33 8.295833e-33 2.602436e-32 4.483529e-32 6.916558e-32 9.847591e-32 1.176955e-31 1.393863e-31 1.577248e-31 1.630535e-31 1.639306e-31 1.634707e-31 1.622482e-31 1.602249e-31 1.576558e-31 1.559768e-31 1.542091e-31 1.522264e-31 1.508343e-31 1.488915e-31 1.464772e-31 1.449105e-31 1.432650e-31 1.414197e-31
**Charge state=2, Number of density intervals=1
1.900000e+01 5.536048e-31 8.000000e+03 9.600000e-02 3.607700e+00 -2.132400e+00 25 | run_id=20260526_145014 w=0.10 opt=slsqp
1.500687e+00 2.000921e+00 3.001373e+00 5.002303e+00 7.003256e+00 1.000461e+01 1.500687e+01 2.000921e+01 3.001373e+01 5.002303e+01 7.003256e+01 1.000461e+02 1.500687e+02 2.000921e+02 3.001373e+02 5.002303e+02 7.003256e+02 1.000461e+03 1.500687e+03 2.000921e+03 3.001373e+03 5.002303e+03 7.003256e+03 1.000461e+04 1.500687e+04
3.697345e-34 1.569351e-33 6.837384e-33 2.498906e-32 4.655861e-32 7.602037e-32 1.118330e-31 1.347752e-31 1.607978e-31 1.787228e-31 1.824988e-31 1.801068e-31 1.730812e-31 1.674673e-31 1.591036e-31 1.469501e-31 1.399362e-31 1.321174e-31 1.234241e-31 1.176007e-31 1.098550e-31 1.008115e-31 9.526207e-32 8.971189e-32 8.379151e-32
**Charge state=3, Number of density intervals=1
1.900000e+01 9.913786e-32 8.000004e+03 1.492500e+00 3.620600e+00 -7.947000e-01 25 | run_id=20260526_145655 w=0.10 opt=slsqp
1.500687e+00 2.000921e+00 3.001373e+00 5.002303e+00 7.003256e+00 1.000461e+01 1.500687e+01 2.000921e+01 3.001373e+01 5.002303e+01 7.003256e+01 1.000461e+02 1.500687e+02 2.000921e+02 3.001373e+02 5.002303e+02 7.003256e+02 1.000461e+03 1.500687e+03 2.000921e+03 3.001373e+03 5.002303e+03 7.003256e+03 1.000461e+04 1.500687e+04
1.951192e-34 1.285819e-33 7.252872e-33 2.598903e-32 4.497799e-32 6.944644e-32 1.004431e-31 1.221209e-31 1.490219e-31 1.732048e-31 1.806675e-31 1.819240e-31 1.759827e-31 1.685971e-31 1.566823e-31 1.407991e-31 1.304548e-31 1.207730e-31 1.097665e-31 1.026290e-31 9.374757e-32 8.364115e-32 7.758183e-32 7.163413e-32 6.542293e-32
**Charge state=4, Number of density intervals=1
1.900000e+01 5.058014e-31 8.000000e+03 1.253000e-01 2.952200e+00 -2.292600e+00 25 | run_id=20260526_150400 w=0.10 opt=slsqp
1.500687e+00 2.000921e+00 3.001373e+00 5.002303e+00 7.003256e+00 1.000461e+01 1.500687e+01 2.000921e+01 3.001373e+01 5.002303e+01 7.003256e+01 1.000461e+02 1.500687e+02 2.000921e+02 3.001373e+02 5.002303e+02 7.003256e+02 1.000461e+03 1.500687e+03 2.000921e+03 3.001373e+03 5.002303e+03 7.003256e+03 1.000461e+04 1.500687e+04
1.751298e-33 5.845343e-33 1.854129e-32 4.332015e-32 5.999016e-32 7.518133e-32 8.909637e-32 9.708676e-32 1.056234e-31 1.130238e-31 1.139882e-31 1.116838e-31 1.067604e-31 1.018615e-31 9.410875e-32 8.305007e-32 7.571118e-32 6.809575e-32 6.015753e-32 5.507189e-32 4.855344e-32 4.143144e-32 3.732158e-32 3.341027e-32 2.945846e-32
**Charge state=5, Number of density intervals=1
1.900000e+01 1.274751e-32 7.999995e+03 6.150000e-01 1.732450e+01 -1.590800e+00 25 | run_id=20260526_151145 w=0.15 opt=slsqp
1.500687e+00 2.000921e+00 3.001373e+00 5.002303e+00 7.003256e+00 1.000461e+01 1.500687e+01 2.000921e+01 3.001373e+01 5.002303e+01 7.003256e+01 1.000461e+02 1.500687e+02 2.000921e+02 3.001373e+02 5.002303e+02 7.003256e+02 1.000461e+03 1.500687e+03 2.000921e+03 3.001373e+03 5.002303e+03 7.003256e+03 1.000461e+04 1.500687e+04
1.000000e-80 1.000000e-80 1.673632e-75 7.801893e-58 2.256316e-50 8.074767e-45 1.606571e-40 2.200797e-38 2.876935e-36 1.324189e-34 6.543498e-34 2.070570e-33 4.753681e-33 6.937452e-33 9.690585e-33 1.211546e-32 1.311324e-32 1.378320e-32 1.399652e-32 1.399491e-32 1.392515e-32 1.351948e-32 1.309423e-32 1.266952e-32 1.222137e-32
**Charge state=6, Number of density intervals=15
1.630000e+01 3.469675e-32 8.000000e+03 8.000000e-02 1.975000e+01 -1.998500e+00 25 | run_id=20260526_152057 w=0.10 opt=slsqp
1.500687e+00 2.000921e+00 3.001373e+00 5.002303e+00 7.003256e+00 1.000461e+01 1.500687e+01 2.000921e+01 3.001373e+01 5.002303e+01 7.003256e+01 1.000461e+02 1.500687e+02 2.000921e+02 3.001373e+02 5.002303e+02 7.003256e+02 1.000461e+03 1.500687e+03 2.000921e+03 3.001373e+03 5.002303e+03 7.003256e+03 1.000461e+04 1.500687e+04
1.000000e-80 1.000000e-80 1.000000e-80 4.273464e-65 1.946704e-54 6.517334e-48 1.220450e-42 5.034426e-40 1.932814e-37 2.199733e-35 1.641043e-34 7.294407e-34 2.243055e-33 3.844855e-33 6.566138e-33 1.029272e-32 1.208120e-32 1.341776e-32 1.426428e-32 1.457102e-32 1.451777e-32 1.400587e-32 1.351855e-32 1.299601e-32 1.242396e-32
1.670000e+01 3.471660e-32 8.000000e+03 8.000000e-02 1.975020e+01 -1.998700e+00 25 | run_id=20260526_153513 w=0.10 opt=slsqp
1.500687e+00 2.000921e+00 3.001373e+00 5.002303e+00 7.003256e+00 1.000461e+01 1.500687e+01 2.000921e+01 3.001373e+01 5.002303e+01 7.003256e+01 1.000461e+02 1.500687e+02 2.000921e+02 3.001373e+02 5.002303e+02 7.003256e+02 1.000461e+03 1.500687e+03 2.000921e+03 3.001373e+03 5.002303e+03 7.003256e+03 1.000461e+04 1.500687e+04
1.000000e-80 1.000000e-80 1.000000e-80 2.181273e-61 2.692217e-55 1.048866e-47 1.312139e-42 4.775623e-40 1.943390e-37 2.202977e-35 1.639910e-34 7.295583e-34 2.243107e-33 3.844767e-33 6.564173e-33 1.028371e-32 1.208509e-32 1.342147e-32 1.424689e-32 1.453617e-32 1.453550e-32 1.400522e-32 1.352508e-32 1.299332e-32 1.240909e-32
1.700000e+01 3.469602e-32 8.000000e+03 8.000000e-02 1.974950e+01 -1.998600e+00 25 | run_id=20260526_154658 w=0.10 opt=slsqp
1.500687e+00 2.000921e+00 3.001373e+00 5.002303e+00 7.003256e+00 1.000461e+01 1.500687e+01 2.000921e+01 3.001373e+01 5.002303e+01 7.003256e+01 1.000461e+02 1.500687e+02 2.000921e+02 3.001373e+02 5.002303e+02 7.003256e+02 1.000461e+03 1.500687e+03 2.000921e+03 3.001373e+03 5.002303e+03 7.003256e+03 1.000461e+04 1.500687e+04
1.000000e-80 1.000000e-80 1.000000e-80 1.449206e-61 2.959784e-55 1.025251e-47 1.307585e-42 4.787734e-40 1.942898e-37 2.202825e-35 1.639985e-34 7.295583e-34 2.243107e-33 3.844944e-33 6.560999e-33 1.027827e-32 1.208676e-32 1.342270e-32 1.425082e-32 1.450274e-32 1.454621e-32 1.400296e-32 1.352602e-32 1.299242e-32 1.240566e-32
1.730000e+01 3.464939e-32 8.000439e+03 8.000000e-02 1.974840e+01 -1.998300e+00 25 | run_id=20260526_160926 w=0.10 opt=slsqp
1.500687e+00 2.000921e+00 3.001373e+00 5.002303e+00 7.003256e+00 1.000461e+01 1.500687e+01 2.000921e+01 3.001373e+01 5.002303e+01 7.003256e+01 1.000461e+02 1.500687e+02 2.000921e+02 3.001373e+02 5.002303e+02 7.003256e+02 1.000461e+03 1.500687e+03 2.000921e+03 3.001373e+03 5.002303e+03 7.003256e+03 1.000461e+04 1.500687e+04
1.000000e-80 1.000000e-80 1.000000e-80 1.122484e-62 5.354143e-55 8.890169e-48 1.279499e-42 4.864072e-40 1.939724e-37 2.201862e-35 1.640325e-34 7.295079e-34 2.243055e-33 3.845121e-33 6.558130e-33 1.027425e-32 1.208621e-32 1.342332e-32 1.425903e-32 1.447771e-32 1.453383e-32 1.400264e-32 1.352446e-32 1.299332e-32 1.240938e-32
1.770000e+01 3.457968e-32 7.999993e+03 8.000000e-02 1.974680e+01 -1.997900e+00 25 | run_id=20260526_162222 w=0.10 opt=slsqp
1.500687e+00 2.000921e+00 3.001373e+00 5.002303e+00 7.003256e+00 1.000461e+01 1.500687e+01 2.000921e+01 3.001373e+01 5.002303e+01 7.003256e+01 1.000461e+02 1.500687e+02 2.000921e+02 3.001373e+02 5.002303e+02 7.003256e+02 1.000461e+03 1.500687e+03 2.000921e+03 3.001373e+03 5.002303e+03 7.003256e+03 1.000461e+04 1.500687e+04
1.000000e-80 1.000000e-80 1.000000e-80 3.017102e-63 7.259388e-55 8.262472e-48 1.265319e-42 4.903656e-40 1.938072e-37 2.201355e-35 1.640514e-34 7.294911e-34 2.243055e-33 3.845209e-33 6.557073e-33 1.027259e-32 1.208231e-32 1.342425e-32 1.426166e-32 1.447638e-32 1.445839e-32 1.400877e-32 1.352041e-32 1.299631e-32 1.242339e-32
1.800000e+01 3.459273e-32 8.000000e+03 8.000000e-02 1.974660e+01 -1.998000e+00 25 | run_id=20260526_164630 w=0.10 opt=slsqp
1.500687e+00 2.000921e+00 3.001373e+00 5.002303e+00 7.003256e+00 1.000461e+01 1.500687e+01 2.000921e+01 3.001373e+01 5.002303e+01 7.003256e+01 1.000461e+02 1.500687e+02 2.000921e+02 3.001373e+02 5.002303e+02 7.003256e+02 1.000461e+03 1.500687e+03 2.000921e+03 3.001373e+03 5.002303e+03 7.003256e+03 1.000461e+04 1.500687e+04
1.000000e-80 1.000000e-80 1.000000e-80 4.578255e-63 6.590677e-55 8.456682e-48 1.269814e-42 4.891026e-40 1.938608e-37 2.201507e-35 1.640439e-34 7.295079e-34 2.243055e-33 3.845121e-33 6.557375e-33 1.027354e-32 1.208843e-32 1.342116e-32 1.425969e-32 1.448505e-32 1.440920e-32 1.401167e-32 1.351917e-32 1.299511e-32 1.242367e-32
1.830000e+01 3.462944e-32 8.000000e+03 8.000000e-02 1.974700e+01 -1.998300e+00 25 | run_id=20260526_165913 w=0.10 opt=slsqp
1.500687e+00 2.000921e+00 3.001373e+00 5.002303e+00 7.003256e+00 1.000461e+01 1.500687e+01 2.000921e+01 3.001373e+01 5.002303e+01 7.003256e+01 1.000461e+02 1.500687e+02 2.000921e+02 3.001373e+02 5.002303e+02 7.003256e+02 1.000461e+03 1.500687e+03 2.000921e+03 3.001373e+03 5.002303e+03 7.003256e+03 1.000461e+04 1.500687e+04
1.000000e-80 1.000000e-80 1.000000e-80 4.515439e-63 6.611804e-55 8.450259e-48 1.269667e-42 4.891477e-40 1.938563e-37 2.201507e-35 1.640439e-34 7.295079e-34 2.243055e-33 3.845121e-33 6.557526e-33 1.027117e-32 1.209706e-32 1.341745e-32 1.426002e-32 1.448505e-32 1.441020e-32 1.401006e-32 1.351979e-32 1.299242e-32 1.241624e-32
1.870000e+01 3.431487e-32 8.000000e+03 8.000000e-02 1.974290e+01 -1.996000e+00 25 | run_id=20260526_171029 w=0.10 opt=slsqp
1.500687e+00 2.000921e+00 3.001373e+00 5.002303e+00 7.003256e+00 1.000461e+01 1.500687e+01 2.000921e+01 3.001373e+01 5.002303e+01 7.003256e+01 1.000461e+02 1.500687e+02 2.000921e+02 3.001373e+02 5.002303e+02 7.003256e+02 1.000461e+03 1.500687e+03 2.000921e+03 3.001373e+03 5.002303e+03 7.003256e+03 1.000461e+04 1.500687e+04
1.000000e-80 1.000000e-80 1.000000e-80 4.130380e-63 6.749786e-55 8.408335e-48 1.268703e-42 4.894181e-40 1.938474e-37 2.201456e-35 1.640439e-34 7.295079e-34 2.243055e-33 3.845032e-33 6.558432e-33 1.024189e-32 1.204121e-32 1.343848e-32 1.425837e-32 1.448205e-32 1.441883e-32 1.401813e-32 1.351637e-32 1.300918e-32 1.245891e-32
1.900000e+01 3.446672e-32 8.000000e+03 8.000000e-02 1.974280e+01 -1.997500e+00 25 | run_id=20260526_172152 w=0.10 opt=slsqp
1.500687e+00 2.000921e+00 3.001373e+00 5.002303e+00 7.003256e+00 1.000461e+01 1.500687e+01 2.000921e+01 3.001373e+01 5.002303e+01 7.003256e+01 1.000461e+02 1.500687e+02 2.000921e+02 3.001373e+02 5.002303e+02 7.003256e+02 1.000461e+03 1.500687e+03 2.000921e+03 3.001373e+03 5.002303e+03 7.003256e+03 1.000461e+04 1.500687e+04
1.000000e-80 1.000000e-80 1.000000e-80 4.257454e-63 6.702703e-55 8.422674e-48 1.269024e-42 4.893279e-40 1.938519e-37 2.201456e-35 1.640476e-34 7.294911e-34 2.243055e-33 3.845209e-33 6.556318e-33 1.022116e-32 1.198533e-32 1.342734e-32 1.426527e-32 1.448205e-32 1.441584e-32 1.400393e-32 1.352228e-32 1.298046e-32 1.238568e-32
1.930000e+01 3.529248e-32 8.000000e+03 8.000000e-02 1.974900e+01 -2.004200e+00 25 | run_id=20260526_173740 w=0.10 opt=slsqp
1.500687e+00 2.000921e+00 3.001373e+00 5.002303e+00 7.003256e+00 1.000461e+01 1.500687e+01 2.000921e+01 3.001373e+01 5.002303e+01 7.003256e+01 1.000461e+02 1.500687e+02 2.000921e+02 3.001373e+02 5.002303e+02 7.003256e+02 1.000461e+03 1.500687e+03 2.000921e+03 3.001373e+03 5.002303e+03 7.003256e+03 1.000461e+04 1.500687e+04
1.000000e-80 1.000000e-80 1.000000e-80 4.253927e-63 6.703938e-55 8.422286e-48 1.269024e-42 4.893279e-40 1.938519e-37 2.201456e-35 1.640476e-34 7.294911e-34 2.243004e-33 3.845564e-33 6.550433e-33 1.022068e-32 1.197016e-32 1.336411e-32 1.427086e-32 1.448338e-32 1.441750e-32 1.395404e-32 1.353131e-32 1.289258e-32 1.217503e-32
2.000000e+01 3.467812e-32 8.000000e+03 8.000000e-02 1.973870e+01 -2.000000e+00 25 | run_id=20260526_174630 w=0.10 opt=slsqp
1.500687e+00 2.000921e+00 3.001373e+00 5.002303e+00 7.003256e+00 1.000461e+01 1.500687e+01 2.000921e+01 3.001373e+01 5.002303e+01 7.003256e+01 1.000461e+02 1.500687e+02 2.000921e+02 3.001373e+02 5.002303e+02 7.003256e+02 1.000461e+03 1.500687e+03 2.000921e+03 3.001373e+03 5.002303e+03 7.003256e+03 1.000461e+04 1.500687e+04
1.000000e-80 1.000000e-80 1.000000e-80 4.236039e-63 6.710425e-55 8.420153e-48 1.268966e-42 4.893392e-40 1.938519e-37 2.201507e-35 1.640514e-34 7.294911e-34 2.243055e-33 3.845298e-33 6.549226e-33 1.018873e-32 1.198781e-32 1.332294e-32 1.415012e-32 1.445107e-32 1.440987e-32 1.390945e-32 1.341220e-32 1.289941e-32 1.234127e-32
2.030000e+01 3.462464e-32 8.000000e+03 8.000000e-02 1.973700e+01 -1.999800e+00 25 | run_id=20260526_175648 w=0.10 opt=slsqp
1.500687e+00 2.000921e+00 3.001373e+00 5.002303e+00 7.003256e+00 1.000461e+01 1.500687e+01 2.000921e+01 3.001373e+01 5.002303e+01 7.003256e+01 1.000461e+02 1.500687e+02 2.000921e+02 3.001373e+02 5.002303e+02 7.003256e+02 1.000461e+03 1.500687e+03 2.000921e+03 3.001373e+03 5.002303e+03 7.003256e+03 1.000461e+04 1.500687e+04
1.000000e-80 1.000000e-80 1.000000e-80 4.235747e-63 6.710579e-55 8.420153e-48 1.268966e-42 4.893392e-40 1.938519e-37 2.201557e-35 1.640665e-34 7.294743e-34 2.243004e-33 3.845475e-33 6.544402e-33 1.017630e-32 1.199831e-32 1.333153e-32 1.416413e-32 1.440224e-32 1.433904e-32 1.391970e-32 1.340788e-32 1.289852e-32 1.234696e-32
2.070000e+01 3.446335e-32 8.000000e+03 8.000000e-02 1.973160e+01 -1.999200e+00 25 | run_id=20260526_180830 w=0.10 opt=slsqp
1.500687e+00 2.000921e+00 3.001373e+00 5.002303e+00 7.003256e+00 1.000461e+01 1.500687e+01 2.000921e+01 3.001373e+01 5.002303e+01 7.003256e+01 1.000461e+02 1.500687e+02 2.000921e+02 3.001373e+02 5.002303e+02 7.003256e+02 1.000461e+03 1.500687e+03 2.000921e+03 3.001373e+03 5.002303e+03 7.003256e+03 1.000461e+04 1.500687e+04
1.000000e-80 1.000000e-80 1.000000e-80 4.233894e-63 6.711352e-55 8.419959e-48 1.268966e-42 4.893392e-40 1.938474e-37 2.201101e-35 1.639570e-34 7.295583e-34 2.243055e-33 3.845564e-33 6.537474e-33 1.014238e-32 1.193796e-32 1.327333e-32 1.410457e-32 1.437011e-32 1.431924e-32 1.386692e-32 1.344188e-32 1.289852e-32 1.229278e-32
2.100000e+01 3.433090e-32 7.999845e+03 8.000000e-02 1.972590e+01 -1.998900e+00 25 | run_id=20260526_181829 w=0.10 opt=slsqp
1.500687e+00 2.000921e+00 3.001373e+00 5.002303e+00 7.003256e+00 1.000461e+01 1.500687e+01 2.000921e+01 3.001373e+01 5.002303e+01 7.003256e+01 1.000461e+02 1.500687e+02 2.000921e+02 3.001373e+02 5.002303e+02 7.003256e+02 1.000461e+03 1.500687e+03 2.000921e+03 3.001373e+03 5.002303e+03 7.003256e+03 1.000461e+04 1.500687e+04
1.000000e-80 1.000000e-80 1.000000e-80 4.234479e-63 6.711043e-55 8.419959e-48 1.268966e-42 4.893505e-40 1.938429e-37 2.200797e-35 1.638551e-34 7.295919e-34 2.242952e-33 3.846183e-33 6.530854e-33 1.010276e-32 1.186151e-32 1.320566e-32 1.404721e-32 1.435324e-32 1.431792e-32 1.382261e-32 1.342981e-32 1.287449e-32 1.225011e-32
2.130000e+01 3.435838e-32 8.000000e+03 8.000000e-02 1.972170e+01 -1.999800e+00 25 | run_id=20260526_183142 w=0.10 opt=slsqp
1.500687e+00 2.000921e+00 3.001373e+00 5.002303e+00 7.003256e+00 1.000461e+01 1.500687e+01 2.000921e+01 3.001373e+01 5.002303e+01 7.003256e+01 1.000461e+02 1.500687e+02 2.000921e+02 3.001373e+02 5.002303e+02 7.003256e+02 1.000461e+03 1.500687e+03 2.000921e+03 3.001373e+03 5.002303e+03 7.003256e+03 1.000461e+04 1.500687e+04
1.000000e-80 1.000000e-80 1.000000e-80 4.234479e-63 6.711043e-55 8.419959e-48 1.268966e-42 4.893505e-40 1.938429e-37 2.200848e-35 1.638513e-34 7.295415e-34 2.242849e-33 3.847069e-33 6.520937e-33 1.005843e-32 1.179967e-32 1.315891e-32 1.405497e-32 1.431067e-32 1.425476e-32 1.382006e-32 1.335642e-32 1.281416e-32 1.221631e-32
***Atomic number=7; Number of charge states=7
**Charge state=1, Number of density intervals=1
1.900000e+01 1.912363e-31 7.999997e+03 8.030000e-02 3.562700e+00 -1.922700e+00 25 | run_id=20260526_183900 w=0.10 opt=slsqp
1.500687e+00 2.000921e+00 3.001373e+00 5.002303e+00 7.003256e+00 1.000461e+01 1.500687e+01 2.000921e+01 3.001373e+01 5.002303e+01 7.003256e+01 1.000461e+02 1.500687e+02 2.000921e+02 3.001373e+02 5.002303e+02 7.003256e+02 1.000461e+03 1.500687e+03 2.000921e+03 3.001373e+03 5.002303e+03 7.003256e+03 1.000461e+04 1.500687e+04
1.500756e-34 7.152700e-34 3.393907e-33 1.245489e-32 2.318142e-32 3.804696e-32 5.631836e-32 6.870368e-32 8.387258e-32 9.687462e-32 1.015337e-31 1.038221e-31 1.027212e-31 1.009904e-31 9.944890e-32 9.762252e-32 9.642508e-32 9.516122e-32 9.373462e-32 9.272781e-32 9.132086e-32 8.956741e-32 8.842397e-32 8.722480e-32 8.587564e-32
**Charge state=2, Number of density intervals=1
1.900000e+01 1.026752e-31 7.999967e+03 1.189000e+00 4.059000e+00 -1.116800e+00 25 | run_id=20260526_184618 w=0.10 opt=slsqp
1.500687e+00 2.000921e+00 3.001373e+00 5.002303e+00 7.003256e+00 1.000461e+01 1.500687e+01 2.000921e+01 3.001373e+01 5.002303e+01 7.003256e+01 1.000461e+02 1.500687e+02 2.000921e+02 3.001373e+02 5.002303e+02 7.003256e+02 1.000461e+03 1.500687e+03 2.000921e+03 3.001373e+03 5.002303e+03 7.003256e+03 1.000461e+04 1.500687e+04
5.717419e-35 3.455175e-34 2.178061e-33 1.092924e-32 2.340831e-32 4.258435e-32 6.820402e-32 8.581634e-32 1.058011e-31 1.209623e-31 1.256059e-31 1.264591e-31 1.235947e-31 1.204925e-31 1.146674e-31 1.037170e-31 9.700631e-32 8.986488e-32 8.215614e-32 7.708857e-32 7.047255e-32 6.293902e-32 5.842114e-32 5.398834e-32 4.935601e-32
**Charge state=3, Number of density intervals=1
1.900000e+01 5.008739e-31 8.000000e+03 8.110000e-02 4.015900e+00 -2.190500e+00 25 | run_id=20260526_185220 w=0.10 opt=slsqp
1.500687e+00 2.000921e+00 3.001373e+00 5.002303e+00 7.003256e+00 1.000461e+01 1.500687e+01 2.000921e+01 3.001373e+01 5.002303e+01 7.003256e+01 1.000461e+02 1.500687e+02 2.000921e+02 3.001373e+02 5.002303e+02 7.003256e+02 1.000461e+03 1.500687e+03 2.000921e+03 3.001373e+03 5.002303e+03 7.003256e+03 1.000461e+04 1.500687e+04
5.899701e-35 4.141999e-34 2.811966e-33 1.304788e-32 2.607834e-32 4.542762e-32 7.201948e-32 9.116749e-32 1.151569e-31 1.367005e-31 1.453885e-31 1.490905e-31 1.476726e-31 1.450274e-31 1.380702e-31 1.264940e-31 1.173897e-31 1.081932e-31 9.874384e-32 9.229751e-32 8.382817e-32 7.425232e-32 6.854882e-32 6.297961e-32 5.719525e-32
**Charge state=4, Number of density intervals=1
1.900000e+01 4.362303e-31 8.000000e+03 9.010000e-02 4.019600e+00 -2.139900e+00 25 | run_id=20260526_185833 w=0.10 opt=slsqp
1.500687e+00 2.000921e+00 3.001373e+00 5.002303e+00 7.003256e+00 1.000461e+01 1.500687e+01 2.000921e+01 3.001373e+01 5.002303e+01 7.003256e+01 1.000461e+02 1.500687e+02 2.000921e+02 3.001373e+02 5.002303e+02 7.003256e+02 1.000461e+03 1.500687e+03 2.000921e+03 3.001373e+03 5.002303e+03 7.003256e+03 1.000461e+04 1.500687e+04
1.908666e-35 2.346767e-34 2.480619e-33 1.332693e-32 2.599022e-32 4.284893e-32 6.458624e-32 8.099160e-32 1.043470e-31 1.295776e-31 1.417327e-31 1.496339e-31 1.518378e-31 1.492760e-31 1.417392e-31 1.292082e-31 1.207313e-31 1.127665e-31 1.026219e-31 9.602847e-32 8.748629e-32 7.784129e-32 7.207257e-32 6.641864e-32 6.052572e-32
**Charge state=5, Number of density intervals=1
1.900000e+01 3.958720e-31 8.000000e+03 8.200000e-02 3.241800e+00 -2.276200e+00 25 | run_id=20260526_190534 w=0.15 opt=slsqp
1.500687e+00 2.000921e+00 3.001373e+00 5.002303e+00 7.003256e+00 1.000461e+01 1.500687e+01 2.000921e+01 3.001373e+01 5.002303e+01 7.003256e+01 1.000461e+02 1.500687e+02 2.000921e+02 3.001373e+02 5.002303e+02 7.003256e+02 1.000461e+03 1.500687e+03 2.000921e+03 3.001373e+03 5.002303e+03 7.003256e+03 1.000461e+04 1.500687e+04
4.527099e-34 2.102326e-33 9.122209e-33 2.728098e-32 4.152408e-32 5.475326e-32 6.616678e-32 7.258385e-32 8.031007e-32 8.816780e-32 9.138607e-32 9.269152e-32 9.140711e-32 8.895288e-32 8.401948e-32 7.613073e-32 7.038174e-32 6.415345e-32 5.725191e-32 5.261263e-32 4.662405e-32 3.997330e-32 3.622013e-32 3.263548e-32 2.898878e-32
**Charge state=6, Number of density intervals=7
1.900000e+01 7.576326e-32 8.000000e+03 8.000000e-02 2.120670e+01 -2.090800e+00 25 | run_id=20260526_190856 w=0.15 opt=slsqp
1.500687e+00 2.000921e+00 3.001373e+00 5.002303e+00 7.003256e+00 1.000461e+01 1.500687e+01 2.000921e+01 3.001373e+01 5.002303e+01 7.003256e+01 1.000461e+02 1.500687e+02 2.000921e+02 3.001373e+02 5.002303e+02 7.003256e+02 1.000461e+03 1.500687e+03 2.000921e+03 3.001373e+03 5.002303e+03 7.003256e+03 1.000461e+04 1.500687e+04
1.000000e-80 1.000000e-80 1.000000e-80 1.778689e-68 5.243847e-58 3.834599e-50 4.637992e-44 4.944245e-41 5.137478e-38 1.270603e-35 1.311958e-34 7.331790e-34 2.695442e-33 5.034542e-33 9.161572e-33 1.432782e-32 1.714313e-32 1.936199e-32 2.108871e-32 2.163416e-32 2.182428e-32 2.087853e-32 2.001474e-32 1.885819e-32 1.760111e-32
1.930000e+01 7.571038e-32 8.000000e+03 8.000000e-02 2.120630e+01 -2.090700e+00 25 | run_id=20260526_191217 w=0.15 opt=slsqp
1.500687e+00 2.000921e+00 3.001373e+00 5.002303e+00 7.003256e+00 1.000461e+01 1.500687e+01 2.000921e+01 3.001373e+01 5.002303e+01 7.003256e+01 1.000461e+02 1.500687e+02 2.000921e+02 3.001373e+02 5.002303e+02 7.003256e+02 1.000461e+03 1.500687e+03 2.000921e+03 3.001373e+03 5.002303e+03 7.003256e+03 1.000461e+04 1.500687e+04
1.000000e-80 1.000000e-80 1.000000e-80 1.781312e-68 5.246866e-58 3.832393e-50 4.634149e-44 4.947776e-41 5.143989e-38 1.268265e-35 1.310358e-34 7.339560e-34 2.696311e-33 5.032804e-33 9.159674e-33 1.432782e-32 1.714076e-32 1.935976e-32 2.108822e-32 2.164163e-32 2.176006e-32 2.088334e-32 2.001198e-32 1.885906e-32 1.760840e-32
2.000000e+01 7.552892e-32 8.000000e+03 8.000000e-02 2.120740e+01 -2.090100e+00 25 | run_id=20260526_191537 w=0.15 opt=slsqp
1.500687e+00 2.000921e+00 3.001373e+00 5.002303e+00 7.003256e+00 1.000461e+01 1.500687e+01 2.000921e+01 3.001373e+01 5.002303e+01 7.003256e+01 1.000461e+02 1.500687e+02 2.000921e+02 3.001373e+02 5.002303e+02 7.003256e+02 1.000461e+03 1.500687e+03 2.000921e+03 3.001373e+03 5.002303e+03 7.003256e+03 1.000461e+04 1.500687e+04
1.000000e-80 1.000000e-80 1.000000e-80 1.748316e-68 5.297122e-58 3.824811e-50 4.636284e-44 4.968096e-41 5.129441e-38 1.272477e-35 1.311143e-34 7.316949e-34 2.685839e-33 5.030602e-33 9.158408e-33 1.432386e-32 1.713721e-32 1.935530e-32 2.108725e-32 2.164213e-32 2.173602e-32 2.088382e-32 2.001106e-32 1.885949e-32 1.761043e-32
2.030000e+01 7.560800e-32 8.000000e+03 8.000000e-02 2.120710e+01 -2.090400e+00 25 | run_id=20260526_191906 w=0.15 opt=slsqp
1.500687e+00 2.000921e+00 3.001373e+00 5.002303e+00 7.003256e+00 1.000461e+01 1.500687e+01 2.000921e+01 3.001373e+01 5.002303e+01 7.003256e+01 1.000461e+02 1.500687e+02 2.000921e+02 3.001373e+02 5.002303e+02 7.003256e+02 1.000461e+03 1.500687e+03 2.000921e+03 3.001373e+03 5.002303e+03 7.003256e+03 1.000461e+04 1.500687e+04
1.000000e-80 1.000000e-80 1.000000e-80 1.744335e-68 5.294805e-58 3.825692e-50 4.640663e-44 4.955072e-41 5.139963e-38 1.271247e-35 1.311082e-34 7.320487e-34 2.688438e-33 5.035238e-33 9.156932e-33 1.432584e-32 1.713405e-32 1.935441e-32 2.109648e-32 2.164213e-32 2.173602e-32 2.088142e-32 2.001152e-32 1.885862e-32 1.760759e-32
2.070000e+01 7.545218e-32 8.000000e+03 8.000000e-02 2.120160e+01 -2.089900e+00 25 | run_id=20260526_192251 w=0.15 opt=slsqp
1.500687e+00 2.000921e+00 3.001373e+00 5.002303e+00 7.003256e+00 1.000461e+01 1.500687e+01 2.000921e+01 3.001373e+01 5.002303e+01 7.003256e+01 1.000461e+02 1.500687e+02 2.000921e+02 3.001373e+02 5.002303e+02 7.003256e+02 1.000461e+03 1.500687e+03 2.000921e+03 3.001373e+03 5.002303e+03 7.003256e+03 1.000461e+04 1.500687e+04
1.000000e-80 1.000000e-80 1.000000e-80 1.726712e-68 5.348845e-58 3.812765e-50 4.637672e-44 4.950055e-41 5.143515e-38 1.272038e-35 1.313318e-34 7.337532e-34 2.694697e-33 5.037557e-33 9.159674e-33 1.433607e-32 1.714273e-32 1.934907e-32 2.102519e-32 2.163416e-32 2.173051e-32 2.089104e-32 2.000507e-32 1.886166e-32 1.762463e-32
2.100000e+01 7.528236e-32 7.999932e+03 8.000000e-02 2.119440e+01 -2.089600e+00 25 | run_id=20260526_192619 w=0.15 opt=slsqp
1.500687e+00 2.000921e+00 3.001373e+00 5.002303e+00 7.003256e+00 1.000461e+01 1.500687e+01 2.000921e+01 3.001373e+01 5.002303e+01 7.003256e+01 1.000461e+02 1.500687e+02 2.000921e+02 3.001373e+02 5.002303e+02 7.003256e+02 1.000461e+03 1.500687e+03 2.000921e+03 3.001373e+03 5.002303e+03 7.003256e+03 1.000461e+04 1.500687e+04
1.000000e-80 1.000000e-80 1.000000e-80 1.724090e-68 5.379476e-58 3.801806e-50 4.631589e-44 4.958154e-41 5.141975e-38 1.275528e-35 1.316922e-34 7.355463e-34 2.697429e-33 5.038833e-33 9.159041e-33 1.432485e-32 1.712971e-32 1.932725e-32 2.096959e-32 2.160479e-32 2.173502e-32 2.087469e-32 2.001474e-32 1.885558e-32 1.759624e-32
2.130000e+01 7.497640e-32 8.000000e+03 8.000000e-02 2.118300e+01 -2.089000e+00 25 | run_id=20260526_192951 w=0.15 opt=slsqp
1.500687e+00 2.000921e+00 3.001373e+00 5.002303e+00 7.003256e+00 1.000461e+01 1.500687e+01 2.000921e+01 3.001373e+01 5.002303e+01 7.003256e+01 1.000461e+02 1.500687e+02 2.000921e+02 3.001373e+02 5.002303e+02 7.003256e+02 1.000461e+03 1.500687e+03 2.000921e+03 3.001373e+03 5.002303e+03 7.003256e+03 1.000461e+04 1.500687e+04
1.000000e-80 1.000000e-80 1.000000e-80 1.709228e-68 5.420134e-58 3.786343e-50 4.624769e-44 4.966038e-41 5.152880e-38 1.280708e-35 1.322483e-34 7.383461e-34 2.699852e-33 5.044289e-33 9.150188e-33 1.427940e-32 1.707615e-32 1.927924e-32 2.097346e-32 2.154815e-32 2.173752e-32 2.081949e-32 2.003595e-32 1.884300e-32 1.753315e-32
**Charge state=7, Number of density intervals=2
1.830000e+01 3.461869e-32 7.999999e+03 8.000000e-02 2.291760e+01 -2.024800e+00 25 | run_id=20260526_193312 w=0.10 opt=slsqp
1.500687e+00 2.000921e+00 3.001373e+00 5.002303e+00 7.003256e+00 1.000461e+01 1.500687e+01 2.000921e+01 3.001373e+01 5.002303e+01 7.003256e+01 1.000461e+02 1.500687e+02 2.000921e+02 3.001373e+02 5.002303e+02 7.003256e+02 1.000461e+03 1.500687e+03 2.000921e+03 3.001373e+03 5.002303e+03 7.003256e+03 1.000461e+04 1.500687e+04
1.000000e-80 1.000000e-80 1.000000e-80 7.310381e-80 3.344953e-62 8.055639e-54 2.605674e-46 7.888783e-43 2.643382e-39 1.691103e-36 2.636756e-35 2.013168e-34 9.476108e-34 2.016230e-33 4.318670e-33 7.577920e-33 9.431049e-33 1.095923e-32 1.213333e-32 1.264241e-32 1.279971e-32 1.255220e-32 1.219832e-32 1.176928e-32 1.113346e-32
1.900000e+01 3.450806e-32 8.000000e+03 8.000000e-02 2.291570e+01 -2.024100e+00 25 | run_id=20260526_193623 w=0.10 opt=slsqp
1.500687e+00 2.000921e+00 3.001373e+00 5.002303e+00 7.003256e+00 1.000461e+01 1.500687e+01 2.000921e+01 3.001373e+01 5.002303e+01 7.003256e+01 1.000461e+02 1.500687e+02 2.000921e+02 3.001373e+02 5.002303e+02 7.003256e+02 1.000461e+03 1.500687e+03 2.000921e+03 3.001373e+03 5.002303e+03 7.003256e+03 1.000461e+04 1.500687e+04
1.000000e-80 1.000000e-80 1.000000e-80 7.959211e-80 3.750853e-62 7.807464e-54 2.634572e-46 7.903692e-43 2.643687e-39 1.690869e-36 2.636817e-35 2.013122e-34 9.476108e-34 2.016183e-33 4.317278e-33 7.561710e-33 9.421499e-33 1.096276e-32 1.212858e-32 1.262990e-32 1.280000e-32 1.255249e-32 1.219888e-32 1.176847e-32 1.113448e-32
***Atomic number=8; Number of charge states=8
**Charge state=1, Number of density intervals=1
1.900000e+01 5.713270e-32 8.000004e+03 1.125500e+00 4.021100e+00 -1.024700e+00 25 | run_id=20260526_194300 w=0.10 opt=slsqp
1.500687e+00 2.000921e+00 3.001373e+00 4.001843e+00 7.003256e+00 1.000461e+01 1.500687e+01 2.000921e+01 3.001373e+01 5.002303e+01 7.003256e+01 1.000461e+02 1.500687e+02 2.000921e+02 3.001373e+02 5.002303e+02 7.003256e+02 1.000461e+03 1.500687e+03 2.000921e+03 3.001373e+03 5.002303e+03 7.003256e+03 1.000461e+04 1.500687e+04
2.446978e-35 1.585842e-34 1.223461e-33 3.672654e-33 1.641950e-32 3.060554e-32 4.888662e-32 6.103936e-32 7.482384e-32 8.480667e-32 8.731322e-32 8.751853e-32 8.598249e-32 8.415889e-32 8.112225e-32 7.740161e-32 7.504815e-32 7.263233e-32 6.998420e-32 6.816320e-32 6.567801e-32 6.267726e-32 6.077570e-32 5.882203e-32 5.667872e-32
**Charge state=2, Number of density intervals=1
1.900000e+01 5.966008e-32 8.000000e+03 1.290200e+00 4.436400e+00 -1.004300e+00 25 | run_id=20260526_195213 w=0.10 opt=slsqp
1.500687e+00 2.000921e+00 3.001373e+00 4.001843e+00 7.003256e+00 1.000461e+01 1.500687e+01 2.000921e+01 3.001373e+01 5.002303e+01 7.003256e+01 1.000461e+02 1.500687e+02 2.000921e+02 3.001373e+02 5.002303e+02 7.003256e+02 1.000461e+03 1.500687e+03 2.000921e+03 3.001373e+03 5.002303e+03 7.003256e+03 1.000461e+04 1.500687e+04
6.543800e-36 6.199690e-35 6.083031e-34 2.079745e-33 1.197016e-32 2.519939e-32 4.461491e-32 5.859088e-32 7.520037e-32 8.807649e-32 9.179732e-32 9.277266e-32 9.104372e-32 8.851360e-32 8.379344e-32 7.699278e-32 7.256213e-32 6.792662e-32 6.295062e-32 5.964307e-32 5.527516e-32 5.022616e-32 4.715524e-32 4.410624e-32 4.087992e-32
**Charge state=3, Number of density intervals=1
1.900000e+01 6.869255e-32 7.999985e+03 1.108200e+00 4.128800e+00 -1.066500e+00 25 | run_id=20260526_200042 w=0.10 opt=slsqp
1.500687e+00 2.000921e+00 3.001373e+00 4.001843e+00 7.003256e+00 1.000461e+01 1.500687e+01 2.000921e+01 3.001373e+01 5.002303e+01 7.003256e+01 1.000461e+02 1.500687e+02 2.000921e+02 3.001373e+02 5.002303e+02 7.003256e+02 1.000461e+03 1.500687e+03 2.000921e+03 3.001373e+03 5.002303e+03 7.003256e+03 1.000461e+04 1.500687e+04
1.563544e-35 1.440290e-34 1.298554e-33 3.801894e-33 1.589242e-32 2.941034e-32 4.834928e-32 6.188138e-32 7.912068e-32 9.508675e-32 1.018943e-31 1.065344e-31 1.087452e-31 1.076713e-31 1.051744e-31 9.929789e-32 9.407192e-32 8.859312e-32 8.244418e-32 7.827985e-32 7.273945e-32 6.631015e-32 6.238785e-32 5.848305e-32 5.433879e-32
**Charge state=4, Number of density intervals=1
1.900000e+01 8.527932e-32 7.999876e+03 1.063300e+00 4.319100e+00 -1.123200e+00 25 | run_id=20260526_201257 w=0.10 opt=slsqp
1.500687e+00 2.000921e+00 3.001373e+00 4.001843e+00 7.003256e+00 1.000461e+01 1.500687e+01 2.000921e+01 3.001373e+01 5.002303e+01 7.003256e+01 1.000461e+02 1.500687e+02 2.000921e+02 3.001373e+02 5.002303e+02 7.003256e+02 1.000461e+03 1.500687e+03 2.000921e+03 3.001373e+03 5.002303e+03 7.003256e+03 1.000461e+04 1.500687e+04
9.573484e-36 1.090888e-34 1.177606e-33 3.726319e-33 1.591989e-32 2.862991e-32 4.686299e-32 6.219422e-32 8.540239e-32 1.135664e-31 1.284636e-31 1.389537e-31 1.450808e-31 1.454588e-31 1.416576e-31 1.313591e-31 1.233446e-31 1.139226e-31 1.037218e-31 9.634296e-32 8.702620e-32 7.640996e-32 7.011646e-32 6.400885e-32 5.770853e-32
**Charge state=5, Number of density intervals=1
1.900000e+01 2.914598e-31 8.000024e+03 2.251000e-01 4.373100e+00 -1.976300e+00 25 | run_id=20260526_202527 w=0.10 opt=slsqp
1.500687e+00 2.000921e+00 3.001373e+00 4.001843e+00 7.003256e+00 1.000461e+01 1.500687e+01 2.000921e+01 3.001373e+01 5.002303e+01 7.003256e+01 1.000461e+02 1.500687e+02 2.000921e+02 3.001373e+02 5.002303e+02 7.003256e+02 1.000461e+03 1.500687e+03 2.000921e+03 3.001373e+03 5.002303e+03 7.003256e+03 1.000461e+04 1.500687e+04
3.048106e-36 4.783767e-35 8.413951e-34 3.271222e-33 1.586865e-32 2.848131e-32 4.574251e-32 5.985218e-32 8.099906e-32 1.054338e-31 1.182796e-31 1.278410e-31 1.325776e-31 1.333153e-31 1.306923e-31 1.228995e-31 1.160620e-31 1.079717e-31 9.832863e-32 9.154402e-32 8.271038e-32 7.255377e-32 6.656562e-32 6.077011e-32 5.480372e-32
**Charge state=6, Number of density intervals=1
1.900000e+01 2.916527e-31 8.000000e+03 9.180000e-02 3.503400e+00 -2.231300e+00 25 | run_id=20260526_203238 w=0.10 opt=slsqp
1.500687e+00 2.000921e+00 3.001373e+00 4.001843e+00 7.003256e+00 1.000461e+01 1.500687e+01 2.000921e+01 3.001373e+01 5.002303e+01 7.003256e+01 1.000461e+02 1.500687e+02 2.000921e+02 3.001373e+02 5.002303e+02 7.003256e+02 1.000461e+03 1.500687e+03 2.000921e+03 3.001373e+03 5.002303e+03 7.003256e+03 1.000461e+04 1.500687e+04
1.052640e-34 6.514034e-34 4.120311e-33 9.766299e-33 2.724269e-32 3.902294e-32 4.941400e-32 5.464746e-32 6.019633e-32 6.594623e-32 6.897949e-32 7.111480e-32 7.182241e-32 7.113118e-32 6.884779e-32 6.402801e-32 6.010907e-32 5.543448e-32 5.003801e-32 4.625834e-32 4.109510e-32 3.535575e-32 3.205753e-32 2.889149e-32 2.567024e-32
**Charge state=7, Number of density intervals=21
1.370000e+01 4.662017e-32 8.000000e+03 9.480000e-02 2.441850e+01 -1.997900e+00 25 | run_id=20260526_203612 w=0.15 opt=slsqp
1.500687e+00 2.000921e+00 3.001373e+00 4.001843e+00 7.003256e+00 1.000461e+01 1.500687e+01 2.000921e+01 3.001373e+01 5.002303e+01 7.003256e+01 1.000461e+02 1.500687e+02 2.000921e+02 3.001373e+02 5.002303e+02 7.003256e+02 1.000461e+03 1.500687e+03 2.000921e+03 3.001373e+03 5.002303e+03 7.003256e+03 1.000461e+04 1.500687e+04
1.000000e-80 1.000000e-80 1.000000e-80 1.000000e-80 9.747652e-67 3.302250e-53 2.141016e-48 3.586741e-44 4.698184e-40 6.926758e-37 1.690597e-35 1.597681e-34 9.000362e-34 2.351094e-33 5.462482e-33 9.250389e-33 1.236431e-32 1.500065e-32 1.690402e-32 1.784884e-32 2.020878e-32 1.991590e-32 1.933793e-32 1.804014e-32 1.568050e-32
1.400000e+01 4.640692e-32 8.000000e+03 9.490000e-02 2.441490e+01 -1.996500e+00 25 | run_id=20260526_204001 w=0.15 opt=slsqp
1.500687e+00 2.000921e+00 3.001373e+00 4.001843e+00 7.003256e+00 1.000461e+01 1.500687e+01 2.000921e+01 3.001373e+01 5.002303e+01 7.003256e+01 1.000461e+02 1.500687e+02 2.000921e+02 3.001373e+02 5.002303e+02 7.003256e+02 1.000461e+03 1.500687e+03 2.000921e+03 3.001373e+03 5.002303e+03 7.003256e+03 1.000461e+04 1.500687e+04
1.000000e-80 1.000000e-80 1.000000e-80 1.000000e-80 9.556305e-67 3.365813e-53 2.134814e-48 3.583191e-44 4.698617e-40 6.956167e-37 1.688418e-35 1.598343e-34 9.016127e-34 2.351744e-33 5.462985e-33 9.279402e-33 1.235634e-32 1.499685e-32 1.691220e-32 1.785459e-32 2.020971e-32 1.990444e-32 1.931524e-32 1.806051e-32 1.573729e-32
1.430000e+01 4.607712e-32 8.000000e+03 9.570000e-02 2.440940e+01 -1.994400e+00 25 | run_id=20260526_204337 w=0.15 opt=slsqp
1.500687e+00 2.000921e+00 3.001373e+00 4.001843e+00 7.003256e+00 1.000461e+01 1.500687e+01 2.000921e+01 3.001373e+01 5.002303e+01 7.003256e+01 1.000461e+02 1.500687e+02 2.000921e+02 3.001373e+02 5.002303e+02 7.003256e+02 1.000461e+03 1.500687e+03 2.000921e+03 3.001373e+03 5.002303e+03 7.003256e+03 1.000461e+04 1.500687e+04
1.000000e-80 1.000000e-80 1.000000e-80 1.000000e-80 9.397233e-67 3.495747e-53 2.130247e-48 3.580140e-44 4.698941e-40 7.004062e-37 1.684923e-35 1.600700e-34 9.045863e-34 2.352719e-33 5.463488e-33 9.325240e-33 1.234241e-32 1.498408e-32 1.692349e-32 1.786200e-32 2.020924e-32 1.990536e-32 1.930679e-32 1.807674e-32 1.580120e-32
1.470000e+01 4.589116e-32 7.999998e+03 9.550000e-02 2.439790e+01 -1.992900e+00 25 | run_id=20260526_204728 w=0.15 opt=slsqp
1.500687e+00 2.000921e+00 3.001373e+00 4.001843e+00 7.003256e+00 1.000461e+01 1.500687e+01 2.000921e+01 3.001373e+01 5.002303e+01 7.003256e+01 1.000461e+02 1.500687e+02 2.000921e+02 3.001373e+02 5.002303e+02 7.003256e+02 1.000461e+03 1.500687e+03 2.000921e+03 3.001373e+03 5.002303e+03 7.003256e+03 1.000461e+04 1.500687e+04
1.000000e-80 1.000000e-80 1.000000e-80 1.000000e-80 9.227626e-67 3.511317e-53 2.127306e-48 3.582036e-44 4.701106e-40 7.096431e-37 1.679500e-35 1.608422e-34 9.124940e-34 2.355266e-33 5.464998e-33 9.426490e-33 1.235834e-32 1.497373e-32 1.692388e-32 1.786076e-32 2.020784e-32 1.991132e-32 1.930857e-32 1.810048e-32 1.592025e-32
1.500000e+01 4.586321e-32 8.000000e+03 9.570000e-02 2.438560e+01 -1.992100e+00 25 | run_id=20260526_205100 w=0.15 opt=slsqp
1.500687e+00 2.000921e+00 3.001373e+00 4.001843e+00 7.003256e+00 1.000461e+01 1.500687e+01 2.000921e+01 3.001373e+01 5.002303e+01 7.003256e+01 1.000461e+02 1.500687e+02 2.000921e+02 3.001373e+02 5.002303e+02 7.003256e+02 1.000461e+03 1.500687e+03 2.000921e+03 3.001373e+03 5.002303e+03 7.003256e+03 1.000461e+04 1.500687e+04
1.000000e-80 1.000000e-80 1.000000e-80 1.000000e-80 9.119478e-67 3.204793e-53 2.127600e-48 3.592279e-44 4.705004e-40 7.187866e-37 1.675753e-35 1.619347e-34 9.230176e-34 2.358685e-33 5.467263e-33 9.546628e-33 1.243140e-32 1.498822e-32 1.689740e-32 1.784062e-32 2.020691e-32 1.990536e-32 1.931168e-32 1.812759e-32 1.605647e-32
1.530000e+01 4.607563e-32 8.000000e+03 9.590000e-02 2.437280e+01 -1.992300e+00 25 | run_id=20260526_205512 w=0.15 opt=slsqp
1.500687e+00 2.000921e+00 3.001373e+00 4.001843e+00 7.003256e+00 1.000461e+01 1.500687e+01 2.000921e+01 3.001373e+01 5.002303e+01 7.003256e+01 1.000461e+02 1.500687e+02 2.000921e+02 3.001373e+02 5.002303e+02 7.003256e+02 1.000461e+03 1.500687e+03 2.000921e+03 3.001373e+03 5.002303e+03 7.003256e+03 1.000461e+04 1.500687e+04
1.000000e-80 1.000000e-80 1.000000e-80 1.000000e-80 9.016334e-67 2.756068e-53 2.128384e-48 3.607198e-44 4.710749e-40 7.294239e-37 1.672823e-35 1.634594e-34 9.376268e-34 2.363469e-33 5.470538e-33 9.704653e-33 1.257158e-32 1.503904e-32 1.686398e-32 1.782050e-32 2.020552e-32 1.988658e-32 1.931123e-32 1.816519e-32 1.623454e-32
1.570000e+01 4.717323e-32 8.000000e+03 9.640000e-02 2.436970e+01 -1.996100e+00 25 | run_id=20260526_205916 w=0.15 opt=slsqp
1.500687e+00 2.000921e+00 3.001373e+00 4.001843e+00 7.003256e+00 1.000461e+01 1.500687e+01 2.000921e+01 3.001373e+01 5.002303e+01 7.003256e+01 1.000461e+02 1.500687e+02 2.000921e+02 3.001373e+02 5.002303e+02 7.003256e+02 1.000461e+03 1.500687e+03 2.000921e+03 3.001373e+03 5.002303e+03 7.003256e+03 1.000461e+04 1.500687e+04
1.000000e-80 1.000000e-80 1.000000e-80 1.000000e-80 8.856457e-67 2.705578e-53 2.118507e-48 3.608361e-44 4.717262e-40 7.438408e-37 1.669937e-35 1.656762e-34 9.592018e-34 2.370992e-33 5.475200e-33 9.933447e-33 1.282980e-32 1.520232e-32 1.693285e-32 1.790400e-32 2.020040e-32 1.986003e-32 1.930634e-32 1.821797e-32 1.648618e-32
1.600000e+01 4.132665e-32 7.999882e+03 1.499000e-01 2.438720e+01 -1.950000e+00 25 | run_id=20260526_210330 w=0.15 opt=slsqp
1.500687e+00 2.000921e+00 3.001373e+00 4.001843e+00 7.003256e+00 1.000461e+01 1.500687e+01 2.000921e+01 3.001373e+01 5.002303e+01 7.003256e+01 1.000461e+02 1.500687e+02 2.000921e+02 3.001373e+02 5.002303e+02 7.003256e+02 1.000461e+03 1.500687e+03 2.000921e+03 3.001373e+03 5.002303e+03 7.003256e+03 1.000461e+04 1.500687e+04
1.000000e-80 1.000000e-80 1.000000e-80 1.000000e-80 8.695809e-67 3.807501e-53 2.094257e-48 3.574621e-44 4.718348e-40 7.533209e-37 1.668130e-35 1.671052e-34 9.736436e-34 2.376676e-33 5.477974e-33 1.008788e-32 1.305299e-32 1.543121e-32 1.717157e-32 1.814011e-32 2.019250e-32 1.985318e-32 1.929968e-32 1.824904e-32 1.664792e-32
1.630000e+01 5.195273e-32 8.000000e+03 9.730000e-02 2.442960e+01 -2.015000e+00 25 | run_id=20260526_210718 w=0.15 opt=slsqp
1.500687e+00 2.000921e+00 3.001373e+00 4.001843e+00 7.003256e+00 1.000461e+01 1.500687e+01 2.000921e+01 3.001373e+01 5.002303e+01 7.003256e+01 1.000461e+02 1.500687e+02 2.000921e+02 3.001373e+02 5.002303e+02 7.003256e+02 1.000461e+03 1.500687e+03 2.000921e+03 3.001373e+03 5.002303e+03 7.003256e+03 1.000461e+04 1.500687e+04
1.000000e-80 1.000000e-80 1.000000e-80 1.000000e-80 8.517654e-67 6.682824e-53 2.066760e-48 3.522330e-44 4.716610e-40 7.602387e-37 1.666556e-35 1.681009e-34 9.843057e-34 2.381826e-33 5.479741e-33 1.020563e-32 1.327272e-32 1.574490e-32 1.759017e-32 1.854044e-32 2.018041e-32 1.986324e-32 1.929257e-32 1.826922e-32 1.676370e-32
1.670000e+01 5.590454e-32 8.000000e+03 9.810000e-02 2.448920e+01 -2.029800e+00 25 | run_id=20260526_211055 w=0.15 opt=slsqp
1.500687e+00 2.000921e+00 3.001373e+00 4.001843e+00 7.003256e+00 1.000461e+01 1.500687e+01 2.000921e+01 3.001373e+01 5.002303e+01 7.003256e+01 1.000461e+02 1.500687e+02 2.000921e+02 3.001373e+02 5.002303e+02 7.003256e+02 1.000461e+03 1.500687e+03 2.000921e+03 3.001373e+03 5.002303e+03 7.003256e+03 1.000461e+04 1.500687e+04
1.000000e-80 1.000000e-80 1.000000e-80 1.000000e-80 8.388996e-67 7.148090e-53 2.068236e-48 3.524601e-44 4.721391e-40 7.641524e-37 1.665482e-35 1.688962e-34 9.934820e-34 2.387097e-33 5.481886e-33 1.030671e-32 1.350952e-32 1.615623e-32 1.820329e-32 1.912406e-32 2.016276e-32 1.988566e-32 1.928502e-32 1.829069e-32 1.686281e-32
1.700000e+01 5.722493e-32 8.000000e+03 9.920000e-02 2.450610e+01 -2.033900e+00 25 | run_id=20260526_211450 w=0.15 opt=slsqp
1.500687e+00 2.000921e+00 3.001373e+00 4.001843e+00 7.003256e+00 1.000461e+01 1.500687e+01 2.000921e+01 3.001373e+01 5.002303e+01 7.003256e+01 1.000461e+02 1.500687e+02 2.000921e+02 3.001373e+02 5.002303e+02 7.003256e+02 1.000461e+03 1.500687e+03 2.000921e+03 3.001373e+03 5.002303e+03 7.003256e+03 1.000461e+04 1.500687e+04
1.000000e-80 1.000000e-80 1.000000e-80 1.000000e-80 8.476957e-67 1.985546e-53 2.142397e-48 3.663954e-44 4.739582e-40 7.622721e-37 1.665942e-35 1.692388e-34 9.976771e-34 2.389461e-33 5.484664e-33 1.034713e-32 1.360881e-32 1.634858e-32 1.851399e-32 1.942898e-32 2.015255e-32 1.989619e-32 1.928413e-32 1.831344e-32 1.691375e-32
1.770000e+01 5.699617e-32 8.000000e+03 9.870000e-02 2.450440e+01 -2.032700e+00 25 | run_id=20260526_211836 w=0.15 opt=slsqp
1.500687e+00 2.000921e+00 3.001373e+00 4.001843e+00 7.003256e+00 1.000461e+01 1.500687e+01 2.000921e+01 3.001373e+01 5.002303e+01 7.003256e+01 1.000461e+02 1.500687e+02 2.000921e+02 3.001373e+02 5.002303e+02 7.003256e+02 1.000461e+03 1.500687e+03 2.000921e+03 3.001373e+03 5.002303e+03 7.003256e+03 1.000461e+04 1.500687e+04
1.000000e-80 1.000000e-80 1.000000e-80 1.000000e-80 9.249537e-67 6.165382e-56 3.578986e-48 4.468893e-44 4.814376e-40 7.489796e-37 1.671514e-35 1.695079e-34 1.002190e-33 2.391112e-33 5.492879e-33 1.036549e-32 1.359784e-32 1.632826e-32 1.852764e-32 1.949082e-32 2.014234e-32 1.989024e-32 1.928324e-32 1.835270e-32 1.701179e-32
1.800000e+01 5.668471e-32 8.000000e+03 9.870000e-02 2.450160e+01 -2.031500e+00 25 | run_id=20260526_212218 w=0.15 opt=slsqp
1.500687e+00 2.000921e+00 3.001373e+00 4.001843e+00 7.003256e+00 1.000461e+01 1.500687e+01 2.000921e+01 3.001373e+01 5.002303e+01 7.003256e+01 1.000461e+02 1.500687e+02 2.000921e+02 3.001373e+02 5.002303e+02 7.003256e+02 1.000461e+03 1.500687e+03 2.000921e+03 3.001373e+03 5.002303e+03 7.003256e+03 1.000461e+04 1.500687e+04
1.000000e-80 1.000000e-80 1.000000e-80 1.000000e-80 1.894044e-66 2.752200e-56 4.574356e-48 4.694939e-44 4.829809e-40 7.465175e-37 1.674943e-35 1.694026e-34 1.003044e-33 2.392324e-33 5.492626e-33 1.036669e-32 1.357969e-32 1.628958e-32 1.847013e-32 1.944823e-32 2.014049e-32 1.989345e-32 1.926593e-32 1.831766e-32 1.705965e-32
1.830000e+01 5.677998e-32 8.000000e+03 9.850000e-02 2.450110e+01 -2.032000e+00 25 | run_id=20260526_212603 w=0.15 opt=slsqp
1.500687e+00 2.000921e+00 3.001373e+00 4.001843e+00 7.003256e+00 1.000461e+01 1.500687e+01 2.000921e+01 3.001373e+01 5.002303e+01 7.003256e+01 1.000461e+02 1.500687e+02 2.000921e+02 3.001373e+02 5.002303e+02 7.003256e+02 1.000461e+03 1.500687e+03 2.000921e+03 3.001373e+03 5.002303e+03 7.003256e+03 1.000461e+04 1.500687e+04
1.000000e-80 1.000000e-80 1.000000e-80 1.000000e-80 1.616628e-66 2.866751e-56 4.495831e-48 4.682847e-44 4.827697e-40 7.474635e-37 1.677683e-35 1.692622e-34 1.003622e-33 2.394143e-33 5.490350e-33 1.037075e-32 1.358439e-32 1.629634e-32 1.847098e-32 1.944957e-32 2.013863e-32 1.990307e-32 1.923978e-32 1.825576e-32 1.710567e-32
1.870000e+01 5.676894e-32 7.999998e+03 9.860000e-02 2.450090e+01 -2.031900e+00 25 | run_id=20260526_212939 w=0.15 opt=slsqp
1.500687e+00 2.000921e+00 3.001373e+00 4.001843e+00 7.003256e+00 1.000461e+01 1.500687e+01 2.000921e+01 3.001373e+01 5.002303e+01 7.003256e+01 1.000461e+02 1.500687e+02 2.000921e+02 3.001373e+02 5.002303e+02 7.003256e+02 1.000461e+03 1.500687e+03 2.000921e+03 3.001373e+03 5.002303e+03 7.003256e+03 1.000461e+04 1.500687e+04
1.000000e-80 1.000000e-80 1.000000e-80 1.000000e-80 1.281888e-66 3.125072e-56 4.334710e-48 4.651575e-44 4.827808e-40 7.471022e-37 1.677258e-35 1.693597e-34 1.003344e-33 2.394694e-33 5.492752e-33 1.036454e-32 1.357969e-32 1.630197e-32 1.847439e-32 1.945270e-32 2.013863e-32 1.990536e-32 1.923003e-32 1.823392e-32 1.711946e-32
1.900000e+01 5.678702e-32 8.000000e+03 9.830000e-02 2.450080e+01 -2.032100e+00 25 | run_id=20260526_213338 w=0.15 opt=slsqp
1.500687e+00 2.000921e+00 3.001373e+00 4.001843e+00 7.003256e+00 1.000461e+01 1.500687e+01 2.000921e+01 3.001373e+01 5.002303e+01 7.003256e+01 1.000461e+02 1.500687e+02 2.000921e+02 3.001373e+02 5.002303e+02 7.003256e+02 1.000461e+03 1.500687e+03 2.000921e+03 3.001373e+03 5.002303e+03 7.003256e+03 1.000461e+04 1.500687e+04
1.000000e-80 1.000000e-80 1.000000e-80 1.000000e-80 1.378002e-66 3.026286e-56 4.388944e-48 4.663586e-44 4.831144e-40 7.466035e-37 1.676872e-35 1.694533e-34 1.002790e-33 2.393646e-33 5.495409e-33 1.036001e-32 1.357626e-32 1.629784e-32 1.847098e-32 1.945047e-32 2.013632e-32 1.990353e-32 1.923402e-32 1.824358e-32 1.711276e-32
1.930000e+01 5.666928e-32 8.000000e+03 9.900000e-02 2.450090e+01 -2.031400e+00 25 | run_id=20260526_213707 w=0.15 opt=slsqp
1.500687e+00 2.000921e+00 3.001373e+00 4.001843e+00 7.003256e+00 1.000461e+01 1.500687e+01 2.000921e+01 3.001373e+01 5.002303e+01 7.003256e+01 1.000461e+02 1.500687e+02 2.000921e+02 3.001373e+02 5.002303e+02 7.003256e+02 1.000461e+03 1.500687e+03 2.000921e+03 3.001373e+03 5.002303e+03 7.003256e+03 1.000461e+04 1.500687e+04
1.000000e-80 1.000000e-80 1.000000e-80 1.000000e-80 1.372840e-66 3.030959e-56 4.393595e-48 4.665627e-44 4.833036e-40 7.472054e-37 1.678031e-35 1.694104e-34 1.002675e-33 2.393095e-33 5.494523e-33 1.036358e-32 1.358282e-32 1.629709e-32 1.847183e-32 1.945091e-32 2.013446e-32 1.990444e-32 1.923357e-32 1.824232e-32 1.711355e-32
2.030000e+01 5.678624e-32 8.000000e+03 9.890000e-02 2.450100e+01 -2.031900e+00 25 | run_id=20260526_214035 w=0.15 opt=slsqp
1.500687e+00 2.000921e+00 3.001373e+00 4.001843e+00 7.003256e+00 1.000461e+01 1.500687e+01 2.000921e+01 3.001373e+01 5.002303e+01 7.003256e+01 1.000461e+02 1.500687e+02 2.000921e+02 3.001373e+02 5.002303e+02 7.003256e+02 1.000461e+03 1.500687e+03 2.000921e+03 3.001373e+03 5.002303e+03 7.003256e+03 1.000461e+04 1.500687e+04
1.000000e-80 1.000000e-80 1.000000e-80 1.000000e-80 1.364143e-66 3.043687e-56 4.385105e-48 4.653932e-44 4.831478e-40 7.467754e-37 1.676679e-35 1.697618e-34 1.003737e-33 2.388911e-33 5.498953e-33 1.036645e-32 1.359784e-32 1.630272e-32 1.849822e-32 1.946884e-32 2.005257e-32 1.991911e-32 1.923623e-32 1.824148e-32 1.711433e-32
2.070000e+01 5.635497e-32 7.999999e+03 9.740000e-02 2.448850e+01 -2.031000e+00 25 | run_id=20260526_215935 w=0.15 opt=slsqp
1.500687e+00 2.000921e+00 3.001373e+00 4.001843e+00 7.003256e+00 1.000461e+01 1.500687e+01 2.000921e+01 3.001373e+01 5.002303e+01 7.003256e+01 1.000461e+02 1.500687e+02 2.000921e+02 3.001373e+02 5.002303e+02 7.003256e+02 1.000461e+03 1.500687e+03 2.000921e+03 3.001373e+03 5.002303e+03 7.003256e+03 1.000461e+04 1.500687e+04
1.000000e-80 1.000000e-80 1.000000e-80 1.000000e-80 1.367603e-66 3.035638e-56 4.387529e-48 4.653717e-44 4.831144e-40 7.484624e-37 1.678765e-35 1.695899e-34 1.004523e-33 2.391112e-33 5.496421e-33 1.033808e-32 1.352166e-32 1.623753e-32 1.842214e-32 1.939635e-32 2.002765e-32 1.989482e-32 1.918360e-32 1.825240e-32 1.709504e-32
2.100000e+01 5.591984e-32 8.000000e+03 9.730000e-02 2.448050e+01 -2.029500e+00 25 | run_id=20260526_220336 w=0.15 opt=slsqp
1.500687e+00 2.000921e+00 3.001373e+00 4.001843e+00 7.003256e+00 1.000461e+01 1.500687e+01 2.000921e+01 3.001373e+01 5.002303e+01 7.003256e+01 1.000461e+02 1.500687e+02 2.000921e+02 3.001373e+02 5.002303e+02 7.003256e+02 1.000461e+03 1.500687e+03 2.000921e+03 3.001373e+03 5.002303e+03 7.003256e+03 1.000461e+04 1.500687e+04
1.000000e-80 1.000000e-80 1.000000e-80 1.000000e-80 1.338844e-66 3.063515e-56 4.370287e-48 4.651039e-44 4.836709e-40 7.485141e-37 1.679577e-35 1.695665e-34 1.004292e-33 2.394087e-33 5.494144e-33 1.032500e-32 1.347814e-32 1.620317e-32 1.837342e-32 1.935040e-32 2.004564e-32 1.984358e-32 1.915314e-32 1.826964e-32 1.709071e-32
2.130000e+01 5.611448e-32 7.999999e+03 9.740000e-02 2.448310e+01 -2.030200e+00 25 | run_id=20260526_220752 w=0.15 opt=slsqp
1.500687e+00 2.000921e+00 3.001373e+00 4.001843e+00 7.003256e+00 1.000461e+01 1.500687e+01 2.000921e+01 3.001373e+01 5.002303e+01 7.003256e+01 1.000461e+02 1.500687e+02 2.000921e+02 3.001373e+02 5.002303e+02 7.003256e+02 1.000461e+03 1.500687e+03 2.000921e+03 3.001373e+03 5.002303e+03 7.003256e+03 1.000461e+04 1.500687e+04
1.000000e-80 1.000000e-80 1.000000e-80 1.000000e-80 1.315407e-66 3.094924e-56 4.352412e-48 4.654360e-44 4.842170e-40 7.478078e-37 1.680467e-35 1.698400e-34 1.003229e-33 2.392655e-33 5.497054e-33 1.033451e-32 1.350579e-32 1.622184e-32 1.838612e-32 1.936021e-32 2.004703e-32 1.979475e-32 1.916285e-32 1.827174e-32 1.709779e-32
**Charge state=8, Number of density intervals=13
1.700000e+01 3.048380e-32 8.000000e+03 8.020000e-02 2.632110e+01 -2.020700e+00 25 | run_id=20260526_221112 w=0.15 opt=slsqp
1.500687e+00 2.000921e+00 3.001373e+00 4.001843e+00 7.003256e+00 1.000461e+01 1.500687e+01 2.000921e+01 3.001373e+01 5.002303e+01 7.003256e+01 1.000461e+02 1.500687e+02 2.000921e+02 3.001373e+02 5.002303e+02 7.003256e+02 1.000461e+03 1.500687e+03 2.000921e+03 3.001373e+03 5.002303e+03 7.003256e+03 1.000461e+04 1.500687e+04
1.000000e-80 1.000000e-80 1.000000e-80 1.000000e-80 1.463659e-80 4.397643e-62 2.323325e-50 1.567870e-46 1.730733e-41 7.453152e-38 2.846558e-36 4.110551e-35 3.220253e-34 8.812112e-34 2.388471e-33 5.185015e-33 6.997775e-33 8.657251e-33 1.004662e-32 1.069917e-32 1.119773e-32 1.124968e-32 1.104409e-32 1.071149e-32 1.022374e-32
1.730000e+01 3.043193e-32 8.000000e+03 8.000000e-02 2.631890e+01 -2.020500e+00 25 | run_id=20260526_221414 w=0.15 opt=slsqp
1.500687e+00 2.000921e+00 3.001373e+00 4.001843e+00 7.003256e+00 1.000461e+01 1.500687e+01 2.000921e+01 3.001373e+01 5.002303e+01 7.003256e+01 1.000461e+02 1.500687e+02 2.000921e+02 3.001373e+02 5.002303e+02 7.003256e+02 1.000461e+03 1.500687e+03 2.000921e+03 3.001373e+03 5.002303e+03 7.003256e+03 1.000461e+04 1.500687e+04
1.000000e-80 1.000000e-80 1.000000e-80 1.000000e-80 7.109188e-76 7.053424e-60 5.852750e-51 4.222601e-46 1.517784e-41 7.632908e-38 2.816631e-36 4.117087e-35 3.218696e-34 8.815562e-34 2.387866e-33 5.181792e-33 6.995037e-33 8.654460e-33 1.004917e-32 1.068661e-32 1.117506e-32 1.125045e-32 1.104104e-32 1.070977e-32 1.022351e-32
1.770000e+01 3.036798e-32 8.000000e+03 8.010000e-02 2.631750e+01 -2.020000e+00 25 | run_id=20260526_221727 w=0.15 opt=slsqp
1.500687e+00 2.000921e+00 3.001373e+00 4.001843e+00 7.003256e+00 1.000461e+01 1.500687e+01 2.000921e+01 3.001373e+01 5.002303e+01 7.003256e+01 1.000461e+02 1.500687e+02 2.000921e+02 3.001373e+02 5.002303e+02 7.003256e+02 1.000461e+03 1.500687e+03 2.000921e+03 3.001373e+03 5.002303e+03 7.003256e+03 1.000461e+04 1.500687e+04
1.000000e-80 1.000000e-80 1.000000e-80 1.000000e-80 5.851268e-74 5.619530e-59 3.331425e-51 6.330675e-46 1.438500e-41 7.707615e-38 2.804529e-36 4.119742e-35 3.218029e-34 8.816983e-34 2.387591e-33 5.177737e-33 6.991333e-33 8.651870e-33 1.004917e-32 1.068169e-32 1.116580e-32 1.125071e-32 1.104002e-32 1.070878e-32 1.022351e-32
1.800000e+01 3.034230e-32 7.999999e+03 8.000000e-02 2.631680e+01 -2.019800e+00 25 | run_id=20260526_222041 w=0.15 opt=slsqp
1.500687e+00 2.000921e+00 3.001373e+00 4.001843e+00 7.003256e+00 1.000461e+01 1.500687e+01 2.000921e+01 3.001373e+01 5.002303e+01 7.003256e+01 1.000461e+02 1.500687e+02 2.000921e+02 3.001373e+02 5.002303e+02 7.003256e+02 1.000461e+03 1.500687e+03 2.000921e+03 3.001373e+03 5.002303e+03 7.003256e+03 1.000461e+04 1.500687e+04
1.000000e-80 1.000000e-80 1.000000e-80 1.000000e-80 1.208760e-74 2.675593e-59 4.075116e-51 5.477218e-46 1.466358e-41 7.680863e-38 2.808859e-36 4.118793e-35 3.218252e-34 8.816374e-34 2.387756e-33 5.175472e-33 6.987953e-33 8.649281e-33 1.004801e-32 1.068390e-32 1.116889e-32 1.125071e-32 1.104028e-32 1.070903e-32 1.022351e-32
1.830000e+01 3.030195e-32 8.000000e+03 8.000000e-02 2.631610e+01 -2.019500e+00 25 | run_id=20260526_222344 w=0.15 opt=slsqp
1.500687e+00 2.000921e+00 3.001373e+00 4.001843e+00 7.003256e+00 1.000461e+01 1.500687e+01 2.000921e+01 3.001373e+01 5.002303e+01 7.003256e+01 1.000461e+02 1.500687e+02 2.000921e+02 3.001373e+02 5.002303e+02 7.003256e+02 1.000461e+03 1.500687e+03 2.000921e+03 3.001373e+03 5.002303e+03 7.003256e+03 1.000461e+04 1.500687e+04
1.000000e-80 1.000000e-80 1.000000e-80 1.000000e-80 1.305930e-75 9.390095e-60 5.415269e-51 4.465088e-46 1.506607e-41 7.643284e-38 2.814946e-36 4.117466e-35 3.218622e-34 8.815156e-34 2.388086e-33 5.174519e-33 6.983771e-33 8.644502e-33 1.004662e-32 1.068760e-32 1.117352e-32 1.125071e-32 1.104104e-32 1.070952e-32 1.022351e-32
1.870000e+01 3.025042e-32 8.000000e+03 8.000000e-02 2.631480e+01 -2.019100e+00 25 | run_id=20260526_222709 w=0.15 opt=slsqp
1.500687e+00 2.000921e+00 3.001373e+00 4.001843e+00 7.003256e+00 1.000461e+01 1.500687e+01 2.000921e+01 3.001373e+01 5.002303e+01 7.003256e+01 1.000461e+02 1.500687e+02 2.000921e+02 3.001373e+02 5.002303e+02 7.003256e+02 1.000461e+03 1.500687e+03 2.000921e+03 3.001373e+03 5.002303e+03 7.003256e+03 1.000461e+04 1.500687e+04
1.000000e-80 1.000000e-80 1.000000e-80 1.000000e-80 1.036072e-75 8.420929e-60 5.577762e-51 4.371193e-46 1.510845e-41 7.639237e-38 2.815594e-36 4.117276e-35 3.218696e-34 8.814750e-34 2.388251e-33 5.175234e-33 6.978145e-33 8.634953e-33 1.004546e-32 1.068956e-32 1.117403e-32 1.125097e-32 1.104104e-32 1.070952e-32 1.022351e-32
1.900000e+01 3.021653e-32 8.000000e+03 8.000000e-02 2.631390e+01 -2.018900e+00 25 | run_id=20260526_223025 w=0.15 opt=slsqp
1.500687e+00 2.000921e+00 3.001373e+00 4.001843e+00 7.003256e+00 1.000461e+01 1.500687e+01 2.000921e+01 3.001373e+01 5.002303e+01 7.003256e+01 1.000461e+02 1.500687e+02 2.000921e+02 3.001373e+02 5.002303e+02 7.003256e+02 1.000461e+03 1.500687e+03 2.000921e+03 3.001373e+03 5.002303e+03 7.003256e+03 1.000461e+04 1.500687e+04
1.000000e-80 1.000000e-80 1.000000e-80 1.000000e-80 1.333644e-75 9.483311e-60 5.400699e-51 4.473732e-46 1.506226e-41 7.643636e-38 2.814881e-36 4.117466e-35 3.218474e-34 8.816983e-34 2.387317e-33 5.174043e-33 6.979591e-33 8.629984e-33 1.004153e-32 1.068858e-32 1.117249e-32 1.124993e-32 1.104104e-32 1.070927e-32 1.022351e-32
1.930000e+01 3.018641e-32 8.000000e+03 8.000000e-02 2.631350e+01 -2.018700e+00 25 | run_id=20260526_223357 w=0.15 opt=slsqp
1.500687e+00 2.000921e+00 3.001373e+00 4.001843e+00 7.003256e+00 1.000461e+01 1.500687e+01 2.000921e+01 3.001373e+01 5.002303e+01 7.003256e+01 1.000461e+02 1.500687e+02 2.000921e+02 3.001373e+02 5.002303e+02 7.003256e+02 1.000461e+03 1.500687e+03 2.000921e+03 3.001373e+03 5.002303e+03 7.003256e+03 1.000461e+04 1.500687e+04
1.000000e-80 1.000000e-80 1.000000e-80 1.000000e-80 1.205702e-75 9.043780e-60 5.470789e-51 4.432513e-46 1.508065e-41 7.641876e-38 2.815140e-36 4.117466e-35 3.218326e-34 8.819216e-34 2.386272e-33 5.170827e-33 6.981842e-33 8.625812e-33 1.004084e-32 1.069129e-32 1.117301e-32 1.125045e-32 1.104104e-32 1.070952e-32 1.022351e-32
2.000000e+01 2.982919e-32 8.000000e+03 8.060000e-02 2.630520e+01 -2.016000e+00 25 | run_id=20260526_223732 w=0.15 opt=slsqp
1.500687e+00 2.000921e+00 3.001373e+00 4.001843e+00 7.003256e+00 1.000461e+01 1.500687e+01 2.000921e+01 3.001373e+01 5.002303e+01 7.003256e+01 1.000461e+02 1.500687e+02 2.000921e+02 3.001373e+02 5.002303e+02 7.003256e+02 1.000461e+03 1.500687e+03 2.000921e+03 3.001373e+03 5.002303e+03 7.003256e+03 1.000461e+04 1.500687e+04
1.000000e-80 1.000000e-80 1.000000e-80 1.000000e-80 1.209317e-75 9.056492e-60 5.468648e-51 4.433738e-46 1.508030e-41 7.641876e-38 2.815140e-36 4.117466e-35 3.218252e-34 8.819826e-34 2.386107e-33 5.159885e-33 6.963218e-33 8.612713e-33 1.000783e-32 1.066891e-32 1.116349e-32 1.123725e-32 1.104333e-32 1.070656e-32 1.022351e-32
2.030000e+01 2.953455e-32 8.000000e+03 8.040000e-02 2.629590e+01 -2.014000e+00 25 | run_id=20260526_224051 w=0.15 opt=slsqp
1.500687e+00 2.000921e+00 3.001373e+00 4.001843e+00 7.003256e+00 1.000461e+01 1.500687e+01 2.000921e+01 3.001373e+01 5.002303e+01 7.003256e+01 1.000461e+02 1.500687e+02 2.000921e+02 3.001373e+02 5.002303e+02 7.003256e+02 1.000461e+03 1.500687e+03 2.000921e+03 3.001373e+03 5.002303e+03 7.003256e+03 1.000461e+04 1.500687e+04
1.000000e-80 1.000000e-80 1.000000e-80 1.000000e-80 1.200383e-75 9.025058e-60 5.473814e-51 4.430676e-46 1.508169e-41 7.641876e-38 2.815140e-36 4.117561e-35 3.218029e-34 8.822263e-34 2.384899e-33 5.153829e-33 6.952644e-33 8.607955e-33 9.954283e-33 1.062894e-32 1.115244e-32 1.121863e-32 1.105325e-32 1.070705e-32 1.022422e-32
2.070000e+01 2.926847e-32 8.000000e+03 8.060000e-02 2.629120e+01 -2.011800e+00 25 | run_id=20260526_224404 w=0.15 opt=slsqp
1.500687e+00 2.000921e+00 3.001373e+00 4.001843e+00 7.003256e+00 1.000461e+01 1.500687e+01 2.000921e+01 3.001373e+01 5.002303e+01 7.003256e+01 1.000461e+02 1.500687e+02 2.000921e+02 3.001373e+02 5.002303e+02 7.003256e+02 1.000461e+03 1.500687e+03 2.000921e+03 3.001373e+03 5.002303e+03 7.003256e+03 1.000461e+04 1.500687e+04
1.000000e-80 1.000000e-80 1.000000e-80 1.000000e-80 1.198837e-75 9.019449e-60 5.474696e-51 4.430166e-46 1.508169e-41 7.641876e-38 2.815140e-36 4.117561e-35 3.217807e-34 8.824904e-34 2.383197e-33 5.145173e-33 6.940328e-33 8.590926e-33 9.942143e-33 1.062919e-32 1.115809e-32 1.122303e-32 1.106369e-32 1.071569e-32 1.022516e-32
2.100000e+01 2.945857e-32 8.000000e+03 8.010000e-02 2.628920e+01 -2.014000e+00 25 | run_id=20260526_224700 w=0.15 opt=slsqp
1.500687e+00 2.000921e+00 3.001373e+00 4.001843e+00 7.003256e+00 1.000461e+01 1.500687e+01 2.000921e+01 3.001373e+01 5.002303e+01 7.003256e+01 1.000461e+02 1.500687e+02 2.000921e+02 3.001373e+02 5.002303e+02 7.003256e+02 1.000461e+03 1.500687e+03 2.000921e+03 3.001373e+03 5.002303e+03 7.003256e+03 1.000461e+04 1.500687e+04
1.000000e-80 1.000000e-80 1.000000e-80 1.000000e-80 1.200439e-75 9.025266e-60 5.473814e-51 4.430676e-46 1.508169e-41 7.641876e-38 2.815075e-36 4.117655e-35 3.217437e-34 8.829376e-34 2.383417e-33 5.136532e-33 6.931863e-33 8.574129e-33 9.958869e-33 1.062331e-32 1.112090e-32 1.119232e-32 1.101286e-32 1.067038e-32 1.021951e-32
2.130000e+01 2.963686e-32 8.000000e+03 8.020000e-02 2.628510e+01 -2.016200e+00 25 | run_id=20260526_225012 w=0.15 opt=slsqp
1.500687e+00 2.000921e+00 3.001373e+00 4.001843e+00 7.003256e+00 1.000461e+01 1.500687e+01 2.000921e+01 3.001373e+01 5.002303e+01 7.003256e+01 1.000461e+02 1.500687e+02 2.000921e+02 3.001373e+02 5.002303e+02 7.003256e+02 1.000461e+03 1.500687e+03 2.000921e+03 3.001373e+03 5.002303e+03 7.003256e+03 1.000461e+04 1.500687e+04
1.000000e-80 1.000000e-80 1.000000e-80 1.000000e-80 1.199803e-75 9.022980e-60 5.474192e-51 4.430472e-46 1.508169e-41 7.641876e-38 2.815140e-36 4.117655e-35 3.217437e-34 8.829579e-34 2.382045e-33 5.124836e-33 6.920222e-33 8.556970e-33 9.951533e-33 1.058961e-32 1.107516e-32 1.115142e-32 1.094586e-32 1.060743e-32 1.019577e-32
***Atomic number=9; Number of charge states=9
**Charge state=1, Number of density intervals=1
1.900000e+01 3.507925e-31 7.999920e+03 1.044300e+00 4.567700e+00 -1.860100e+00 46 | run_id=20260610_124009 w=0.10 opt=slsqp
1.584893e+00 1.995262e+00 2.511886e+00 3.162278e+00 3.981072e+00 5.011872e+00 6.309573e+00 7.943282e+00 1.000000e+01 1.258925e+01 1.584893e+01 1.995262e+01 2.511886e+01 3.162278e+01 3.981072e+01 5.011872e+01 6.309573e+01 7.943282e+01 1.000000e+02 1.258925e+02 1.584893e+02 1.995262e+02 2.511886e+02 3.162278e+02 3.981072e+02 5.011872e+02 6.309573e+02 7.943282e+02 1.000000e+03 1.258925e+03 1.584893e+03 1.995262e+03 2.511886e+03 3.162278e+03 3.981072e+03 5.011872e+03 6.309573e+03 7.943282e+03 1.000000e+04 1.258925e+04 1.584893e+04 1.995262e+04 2.511886e+04 3.162278e+04 3.981072e+04 5.011872e+04
2.731492e-36 3.024127e-35 1.994160e-34 8.713848e-34 2.747261e-33 6.692833e-33 1.332263e-32 2.268089e-32 3.424443e-32 4.712811e-32 6.028510e-32 7.264571e-32 8.326261e-32 9.144080e-32 9.682556e-32 9.939854e-32 9.940998e-32 9.728368e-32 9.350827e-32 8.856661e-32 8.288768e-32 7.682101e-32 7.064477e-32 6.455502e-32 5.869350e-32 5.314838e-32 4.797224e-32 4.318869e-32 3.880163e-32 3.480327e-32 3.117597e-32 2.789780e-32 2.494422e-32 2.228794e-32 1.990444e-32 1.776847e-32 1.585623e-32 1.414653e-32 1.261828e-32 1.125304e-32 1.003460e-32 8.946847e-33 7.976456e-33 7.110825e-33 6.338843e-33 5.650410e-33
**Charge state=2, Number of density intervals=1
1.900000e+01 9.637791e-32 8.000005e+03 1.934200e+00 5.006500e+00 -1.055300e+00 46 | run_id=20260610_124046 w=0.15 opt=slsqp
1.584893e+00 1.995262e+00 2.511886e+00 3.162278e+00 3.981072e+00 5.011872e+00 6.309573e+00 7.943282e+00 1.000000e+01 1.258925e+01 1.584893e+01 1.995262e+01 2.511886e+01 3.162278e+01 3.981072e+01 5.011872e+01 6.309573e+01 7.943282e+01 1.000000e+02 1.258925e+02 1.584893e+02 1.995262e+02 2.511886e+02 3.162278e+02 3.981072e+02 5.011872e+02 6.309573e+02 7.943282e+02 1.000000e+03 1.258925e+03 1.584893e+03 1.995262e+03 2.511886e+03 3.162278e+03 3.981072e+03 5.011872e+03 6.309573e+03 7.943282e+03 1.000000e+04 1.258925e+04 1.584893e+04 1.995262e+04 2.511886e+04 3.162278e+04 3.981072e+04 5.011872e+04
1.523526e-37 3.226265e-36 3.570672e-35 2.363415e-34 1.040830e-33 3.317569e-33 8.177490e-33 1.642253e-32 2.800400e-32 4.189961e-32 5.646379e-32 6.998259e-32 8.112599e-32 8.915178e-32 9.387933e-32 9.554985e-32 9.464769e-32 9.174872e-32 8.742185e-32 8.216749e-32 7.639061e-32 7.040605e-32 6.444660e-32 5.866783e-32 5.317653e-32 4.803193e-32 4.326533e-32 3.888750e-32 3.489153e-32 3.126367e-32 2.798208e-32 2.502304e-32 2.236145e-32 1.997193e-32 1.782994e-32 1.591219e-32 1.419711e-32 1.266368e-32 1.129406e-32 1.007140e-32 8.979869e-33 8.006081e-33 7.137235e-33 6.362386e-33 5.671527e-33 5.055452e-33
**Charge state=3, Number of density intervals=1
1.900000e+01 4.747011e-31 8.000124e+03 8.576000e-01 4.746600e+00 -2.051900e+00 46 | run_id=20260610_130729 w=0.10 opt=slsqp
1.584893e+00 1.995262e+00 2.511886e+00 3.162278e+00 3.981072e+00 5.011872e+00 6.309573e+00 7.943282e+00 1.000000e+01 1.258925e+01 1.584893e+01 1.995262e+01 2.511886e+01 3.162278e+01 3.981072e+01 5.011872e+01 6.309573e+01 7.943282e+01 1.000000e+02 1.258925e+02 1.584893e+02 1.995262e+02 2.511886e+02 3.162278e+02 3.981072e+02 5.011872e+02 6.309573e+02 7.943282e+02 1.000000e+03 1.258925e+03 1.584893e+03 1.995262e+03 2.511886e+03 3.162278e+03 3.981072e+03 5.011872e+03 6.309573e+03 7.943282e+03 1.000000e+04 1.258925e+04 1.584893e+04 1.995262e+04 2.511886e+04 3.162278e+04 3.981072e+04 5.011872e+04
1.058084e-36 1.433178e-35 1.109251e-34 5.505034e-34 1.920569e-33 5.072593e-33 1.077333e-32 1.932369e-32 3.042846e-32 4.330819e-32 5.688660e-32 6.997937e-32 8.149107e-32 9.058786e-32 9.681218e-32 1.000875e-31 1.006422e-31 9.889857e-32 9.536522e-32 9.055032e-32 8.490632e-32 7.881339e-32 7.256046e-32 6.636819e-32 6.038652e-32 5.471419e-32 4.940717e-32 4.449693e-32 3.998803e-32 3.587567e-32 3.214253e-32 2.876670e-32 2.572409e-32 2.298688e-32 2.053005e-32 1.832779e-32 1.635649e-32 1.459285e-32 1.301697e-32 1.160887e-32 1.035190e-32 9.230176e-33 8.229056e-33 7.336011e-33 6.539733e-33 5.829482e-33
**Charge state=4, Number of density intervals=1
1.900000e+01 5.588885e-32 8.000000e+03 2.262500e+00 4.906500e+00 -6.360000e-01 46 | run_id=20260610_131633 w=0.10 opt=slsqp
1.584893e+00 1.995262e+00 2.511886e+00 3.162278e+00 3.981072e+00 5.011872e+00 6.309573e+00 7.943282e+00 1.000000e+01 1.258925e+01 1.584893e+01 1.995262e+01 2.511886e+01 3.162278e+01 3.981072e+01 5.011872e+01 6.309573e+01 7.943282e+01 1.000000e+02 1.258925e+02 1.584893e+02 1.995262e+02 2.511886e+02 3.162278e+02 3.981072e+02 5.011872e+02 6.309573e+02 7.943282e+02 1.000000e+03 1.258925e+03 1.584893e+03 1.995262e+03 2.511886e+03 3.162278e+03 3.981072e+03 5.011872e+03 6.309573e+03 7.943282e+03 1.000000e+04 1.258925e+04 1.584893e+04 1.995262e+04 2.511886e+04 3.162278e+04 3.981072e+04 5.011872e+04
4.115760e-37 7.117050e-36 6.687596e-35 3.871239e-34 1.525176e-33 4.427311e-33 1.009021e-32 1.901035e-32 3.088304e-32 4.476308e-32 5.944701e-32 7.375305e-32 8.665228e-32 9.731505e-32 1.051889e-31 1.100348e-31 1.119206e-31 1.111578e-31 1.082106e-31 1.036001e-31 9.782954e-32 9.134610e-32 8.451232e-32 7.761220e-32 7.084839e-32 6.436207e-32 5.824384e-32 5.254604e-32 4.728681e-32 4.247076e-32 3.808465e-32 3.410908e-32 3.051828e-32 2.728349e-32 2.437586e-32 2.176757e-32 1.943032e-32 1.733844e-32 1.546821e-32 1.379653e-32 1.230382e-32 1.097135e-32 9.781828e-33 8.720874e-33 7.774456e-33 6.930268e-33
**Charge state=5, Number of density intervals=1
1.900000e+01 4.513769e-32 8.000002e+03 2.413300e+00 4.923700e+00 -4.757000e-01 46 | run_id=20260610_131911 w=0.10 opt=slsqp
1.584893e+00 1.995262e+00 2.511886e+00 3.162278e+00 3.981072e+00 5.011872e+00 6.309573e+00 7.943282e+00 1.000000e+01 1.258925e+01 1.584893e+01 1.995262e+01 2.511886e+01 3.162278e+01 3.981072e+01 5.011872e+01 6.309573e+01 7.943282e+01 1.000000e+02 1.258925e+02 1.584893e+02 1.995262e+02 2.511886e+02 3.162278e+02 3.981072e+02 5.011872e+02 6.309573e+02 7.943282e+02 1.000000e+03 1.258925e+03 1.584893e+03 1.995262e+03 2.511886e+03 3.162278e+03 3.981072e+03 5.011872e+03 6.309573e+03 7.943282e+03 1.000000e+04 1.258925e+04 1.584893e+04 1.995262e+04 2.511886e+04 3.162278e+04 3.981072e+04 5.011872e+04
3.379247e-37 6.250575e-36 6.196265e-35 3.742484e-34 1.525001e-33 4.545901e-33 1.057183e-32 2.019157e-32 3.301034e-32 4.778813e-32 6.299847e-32 7.734104e-32 8.993733e-32 1.002536e-31 1.079767e-31 1.129588e-31 1.152206e-31 1.149582e-31 1.125149e-31 1.083153e-31 1.028206e-31 9.646283e-32 8.961898e-32 8.259238e-32 7.562058e-32 6.886840e-32 6.244965e-32 5.643259e-32 5.085340e-32 4.572250e-32 4.103742e-32 3.677901e-32 3.292532e-32 2.944828e-32 2.631964e-32 2.350986e-32 2.099037e-32 1.873441e-32 1.671552e-32 1.491111e-32 1.329903e-32 1.185933e-32 1.057450e-32 9.427792e-33 8.404851e-33 7.492556e-33
**Charge state=6, Number of density intervals=1
1.900000e+01 1.554510e-32 8.000000e+03 3.171900e+00 4.688600e+00 3.157000e-01 46 | run_id=20260610_132053 w=0.10 opt=slsqp
1.584893e+00 1.995262e+00 2.511886e+00 3.162278e+00 3.981072e+00 5.011872e+00 6.309573e+00 7.943282e+00 1.000000e+01 1.258925e+01 1.584893e+01 1.995262e+01 2.511886e+01 3.162278e+01 3.981072e+01 5.011872e+01 6.309573e+01 7.943282e+01 1.000000e+02 1.258925e+02 1.584893e+02 1.995262e+02 2.511886e+02 3.162278e+02 3.981072e+02 5.011872e+02 6.309573e+02 7.943282e+02 1.000000e+03 1.258925e+03 1.584893e+03 1.995262e+03 2.511886e+03 3.162278e+03 3.981072e+03 5.011872e+03 6.309573e+03 7.943282e+03 1.000000e+04 1.258925e+04 1.584893e+04 1.995262e+04 2.511886e+04 3.162278e+04 3.981072e+04 5.011872e+04
1.322483e-36 1.878192e-35 1.509385e-34 7.716671e-34 2.754482e-33 7.390946e-33 1.580957e-32 2.824490e-32 4.374314e-32 6.050482e-32 7.661080e-32 9.066298e-32 1.020493e-31 1.107643e-31 1.170415e-31 1.210905e-31 1.230155e-31 1.228910e-31 1.208426e-31 1.170954e-31 1.119567e-31 1.057791e-31 9.891679e-32 9.169381e-32 8.437232e-32 7.716494e-32 7.021825e-32 6.363704e-32 5.748175e-32 5.178214e-32 4.654789e-32 4.177053e-32 3.743088e-32 3.350580e-32 2.996539e-32 2.677996e-32 2.391994e-32 2.135551e-32 1.905987e-32 1.700552e-32 1.516946e-32 1.352913e-32 1.206452e-32 1.075722e-32 9.590693e-33 8.550076e-33
**Charge state=7, Number of density intervals=1
1.900000e+01 1.577804e-31 8.000000e+03 1.522600e+00 3.762800e+00 -1.402100e+00 46 | run_id=20260610_132100 w=0.10 opt=slsqp
1.584893e+00 1.995262e+00 2.511886e+00 3.162278e+00 3.981072e+00 5.011872e+00 6.309573e+00 7.943282e+00 1.000000e+01 1.258925e+01 1.584893e+01 1.995262e+01 2.511886e+01 3.162278e+01 3.981072e+01 5.011872e+01 6.309573e+01 7.943282e+01 1.000000e+02 1.258925e+02 1.584893e+02 1.995262e+02 2.511886e+02 3.162278e+02 3.981072e+02 5.011872e+02 6.309573e+02 7.943282e+02 1.000000e+03 1.258925e+03 1.584893e+03 1.995262e+03 2.511886e+03 3.162278e+03 3.981072e+03 5.011872e+03 6.309573e+03 7.943282e+03 1.000000e+04 1.258925e+04 1.584893e+04 1.995262e+04 2.511886e+04 3.162278e+04 3.981072e+04 5.011872e+04
7.382271e-35 4.054992e-34 1.532357e-33 4.302194e-33 9.539596e-33 1.753719e-32 2.777922e-32 3.909399e-32 5.008411e-32 5.955387e-32 6.675442e-32 7.143976e-32 7.377343e-32 7.416859e-32 7.310549e-32 7.100517e-32 6.818361e-32 6.485747e-32 6.117726e-32 5.726246e-32 5.321940e-32 4.914281e-32 4.511594e-32 4.120975e-32 3.747745e-32 3.395705e-32 3.067256e-32 2.763503e-32 2.484563e-32 2.229924e-32 1.998619e-32 1.789328e-32 1.600479e-32 1.430507e-32 1.277850e-32 1.140959e-32 1.018357e-32 9.086780e-33 8.105877e-33 7.229695e-33 6.447183e-33 5.748705e-33 5.125426e-33 4.569409e-33 4.073428e-33 3.631115e-33
**Charge state=8, Number of density intervals=1
1.900000e+01 1.408111e-30 8.000000e+03 8.000000e-02 2.757690e+01 -2.907100e+00 46 | run_id=20260610_132949 w=0.20 opt=slsqp
1.584893e+00 1.995262e+00 2.511886e+00 3.162278e+00 3.981072e+00 5.011872e+00 6.309573e+00 7.943282e+00 1.000000e+01 1.258925e+01 1.584893e+01 1.995262e+01 2.511886e+01 3.162278e+01 3.981072e+01 5.011872e+01 6.309573e+01 7.943282e+01 1.000000e+02 1.258925e+02 1.584893e+02 1.995262e+02 2.511886e+02 3.162278e+02 3.981072e+02 5.011872e+02 6.309573e+02 7.943282e+02 1.000000e+03 1.258925e+03 1.584893e+03 1.995262e+03 2.511886e+03 3.162278e+03 3.981072e+03 5.011872e+03 6.309573e+03 7.943282e+03 1.000000e+04 1.258925e+04 1.584893e+04 1.995262e+04 2.511886e+04 3.162278e+04 3.981072e+04 5.011872e+04
1.000000e-80 1.000000e-80 1.000000e-80 1.000000e-80 1.000000e-80 1.000000e-80 1.000000e-80 1.321539e-71 2.275097e-63 7.740161e-57 1.166407e-51 1.478461e-47 2.624642e-44 9.790841e-42 1.059912e-39 4.303185e-38 8.027494e-37 8.077556e-36 4.974850e-35 2.072240e-34 6.318006e-34 1.501447e-33 2.924354e-33 4.858923e-33 7.111480e-33 9.406975e-33 1.147916e-32 1.313621e-32 1.428236e-32 1.490871e-32 1.506607e-32 1.483782e-32 1.431660e-32 1.359033e-32 1.273474e-32 1.181082e-32 1.086476e-32 9.929560e-33 9.028176e-33 8.175042e-33 7.378363e-33 6.642170e-33 5.967054e-33 5.351925e-33 4.793801e-33 4.289533e-33
**Charge state=9, Number of density intervals=1
1.900000e+01 5.638718e-31 8.000000e+03 1.189000e-01 2.921410e+01 -2.858400e+00 46 | run_id=20260610_133815 w=0.15 opt=slsqp
1.584893e+00 1.995262e+00 2.511886e+00 3.162278e+00 3.981072e+00 5.011872e+00 6.309573e+00 7.943282e+00 1.000000e+01 1.258925e+01 1.584893e+01 1.995262e+01 2.511886e+01 3.162278e+01 3.981072e+01 5.011872e+01 6.309573e+01 7.943282e+01 1.000000e+02 1.258925e+02 1.584893e+02 1.995262e+02 2.511886e+02 3.162278e+02 3.981072e+02 5.011872e+02 6.309573e+02 7.943282e+02 1.000000e+03 1.258925e+03 1.584893e+03 1.995262e+03 2.511886e+03 3.162278e+03 3.981072e+03 5.011872e+03 6.309573e+03 7.943282e+03 1.000000e+04 1.258925e+04 1.584893e+04 1.995262e+04 2.511886e+04 3.162278e+04 3.981072e+04 5.011872e+04
1.000000e-80 1.000000e-80 1.000000e-80 1.000000e-80 1.000000e-80 1.000000e-80 1.000000e-80 7.220878e-77 1.290476e-67 2.816566e-60 1.857719e-54 7.605539e-50 3.423813e-46 2.670423e-43 5.182031e-41 3.337029e-39 8.966233e-38 1.205036e-36 9.347167e-36 4.683494e-35 1.656571e-34 4.437108e-34 9.516998e-34 1.709031e-33 2.662625e-33 3.703395e-33 4.704787e-33 5.560195e-33 6.203117e-33 6.609673e-33 6.790004e-33 6.775167e-33 6.605718e-33 6.322808e-33 5.964032e-33 5.560451e-33 5.136414e-33 4.709882e-33 4.293683e-33 3.896099e-33 3.522249e-33 3.174973e-33 2.855289e-33 2.563067e-33 2.297365e-33 2.056790e-33
***Atomic number=10; Number of charge states=10
**Charge state=1, Number of density intervals=1
1.900000e+01 2.562216e-32 8.000002e+03 8.000000e-02 4.428300e+00 -1.657200e+00 25 | run_id=20260526_225019 w=0.25 opt=slsqp
1.500687e+00 2.000921e+00 3.001373e+00 5.002303e+00 7.003256e+00 1.000461e+01 1.500687e+01 2.000921e+01 3.001373e+01 5.002303e+01 7.003256e+01 1.000461e+02 1.500687e+02 2.000921e+02 3.001373e+02 5.002303e+02 7.003256e+02 1.000461e+03 1.500687e+03 2.000921e+03 3.001373e+03 5.002303e+03 7.003256e+03 1.000461e+04 1.500687e+04
2.800786e-37 4.830588e-36 8.785167e-35 9.250815e-34 2.546478e-33 5.386169e-33 9.481128e-33 1.244572e-32 1.613950e-32 1.968339e-32 2.146594e-32 2.294299e-32 2.436464e-32 2.528890e-32 2.663545e-32 2.849509e-32 2.983184e-32 3.135306e-32 3.322156e-32 3.464176e-32 3.678748e-32 3.974569e-32 4.186200e-32 4.426189e-32 4.719870e-32
**Charge state=2, Number of density intervals=1
1.900000e+01 2.045988e-31 8.000000e+03 2.021000e-01 5.482400e+00 -2.198700e+00 25 | run_id=20260526_230207 w=0.10 opt=slsqp
1.500687e+00 2.000921e+00 3.001373e+00 5.002303e+00 7.003256e+00 1.000461e+01 1.500687e+01 2.000921e+01 3.001373e+01 5.002303e+01 7.003256e+01 1.000461e+02 1.500687e+02 2.000921e+02 3.001373e+02 5.002303e+02 7.003256e+02 1.000461e+03 1.500687e+03 2.000921e+03 3.001373e+03 5.002303e+03 7.003256e+03 1.000461e+04 1.500687e+04
1.494308e-39 1.300259e-37 1.158537e-35 4.380564e-34 2.062244e-33 6.459070e-33 1.508933e-32 2.250246e-32 3.239366e-32 4.086109e-32 4.377640e-32 4.491899e-32 4.435474e-32 4.313403e-32 4.067804e-32 3.717748e-32 3.482010e-32 3.236384e-32 2.975843e-32 2.804013e-32 2.578873e-32 2.321240e-32 2.166008e-32 2.013029e-32 1.852422e-32
**Charge state=3, Number of density intervals=1
1.900000e+01 3.278829e-31 7.999484e+03 1.268000e-01 5.678100e+00 -2.090700e+00 25 | run_id=20260526_231056 w=0.10 opt=slsqp
1.500687e+00 2.000921e+00 3.001373e+00 5.002303e+00 7.003256e+00 1.000461e+01 1.500687e+01 2.000921e+01 3.001373e+01 5.002303e+01 7.003256e+01 1.000461e+02 1.500687e+02 2.000921e+02 3.001373e+02 5.002303e+02 7.003256e+02 1.000461e+03 1.500687e+03 2.000921e+03 3.001373e+03 5.002303e+03 7.003256e+03 1.000461e+04 1.500687e+04
1.365306e-38 6.939529e-37 3.722803e-35 8.278659e-34 3.200958e-33 9.335552e-33 2.289813e-32 3.661592e-32 5.851942e-32 8.283617e-32 9.482001e-32 1.035500e-31 1.077532e-31 1.083627e-31 1.058717e-31 1.000691e-31 9.502328e-32 8.989799e-32 8.444812e-32 8.063805e-32 7.558402e-32 6.966586e-32 6.602372e-32 6.237061e-32 5.846285e-32
**Charge state=4, Number of density intervals=1
1.900000e+01 3.107023e-31 8.000000e+03 8.000000e-02 5.665000e+00 -2.124700e+00 25 | run_id=20260526_231749 w=0.10 opt=slsqp
1.500687e+00 2.000921e+00 3.001373e+00 5.002303e+00 7.003256e+00 1.000461e+01 1.500687e+01 2.000921e+01 3.001373e+01 5.002303e+01 7.003256e+01 1.000461e+02 1.500687e+02 2.000921e+02 3.001373e+02 5.002303e+02 7.003256e+02 1.000461e+03 1.500687e+03 2.000921e+03 3.001373e+03 5.002303e+03 7.003256e+03 1.000461e+04 1.500687e+04
7.945295e-38 2.775812e-36 8.416470e-35 1.173708e-33 3.659570e-33 8.912715e-33 1.920171e-32 2.973309e-32 4.877306e-32 7.331959e-32 8.613507e-32 9.546408e-32 1.011393e-31 1.026384e-31 1.010765e-31 9.717398e-32 9.288594e-32 8.767383e-32 8.136357e-32 7.697683e-32 7.090878e-32 6.383664e-32 5.956484e-32 5.535030e-32 5.092019e-32
**Charge state=5, Number of density intervals=1
1.900000e+01 2.359988e-31 8.000000e+03 1.034000e-01 5.167500e+00 -1.998100e+00 25 | run_id=20260526_233127 w=0.10 opt=slsqp
1.500687e+00 2.000921e+00 3.001373e+00 5.002303e+00 7.003256e+00 1.000461e+01 1.500687e+01 2.000921e+01 3.001373e+01 5.002303e+01 7.003256e+01 1.000461e+02 1.500687e+02 2.000921e+02 3.001373e+02 5.002303e+02 7.003256e+02 1.000461e+03 1.500687e+03 2.000921e+03 3.001373e+03 5.002303e+03 7.003256e+03 1.000461e+04 1.500687e+04
6.404275e-37 7.021017e-36 1.372208e-34 1.818989e-33 5.555971e-33 1.292796e-32 2.546185e-32 3.651825e-32 5.427377e-32 7.710632e-32 8.962311e-32 9.982746e-32 1.068809e-31 1.099867e-31 1.111501e-31 1.093402e-31 1.056453e-31 1.006399e-31 9.459322e-32 9.035246e-32 8.443646e-32 7.726450e-32 7.288195e-32 6.850937e-32 6.385428e-32
**Charge state=6, Number of density intervals=1
1.900000e+01 2.232862e-31 7.994851e+03 1.513000e-01 5.171100e+00 -1.972500e+00 25 | run_id=20260526_234335 w=0.10 opt=slsqp
1.500687e+00 2.000921e+00 3.001373e+00 5.002303e+00 7.003256e+00 1.000461e+01 1.500687e+01 2.000921e+01 3.001373e+01 5.002303e+01 7.003256e+01 1.000461e+02 1.500687e+02 2.000921e+02 3.001373e+02 5.002303e+02 7.003256e+02 1.000461e+03 1.500687e+03 2.000921e+03 3.001373e+03 5.002303e+03 7.003256e+03 1.000461e+04 1.500687e+04
1.208454e-36 1.118742e-35 1.664562e-34 1.942093e-33 5.809784e-33 1.325776e-32 2.480904e-32 3.406669e-32 4.833926e-32 6.909872e-32 8.365463e-32 9.808216e-32 1.110453e-31 1.158724e-31 1.195942e-31 1.166595e-31 1.128184e-31 1.063580e-31 9.817479e-32 9.185018e-32 8.295260e-32 7.255210e-32 6.629793e-32 6.031981e-32 5.418387e-32
**Charge state=7, Number of density intervals=1
1.900000e+01 2.394164e-31 8.000000e+03 1.010000e-01 4.955100e+00 -2.085100e+00 25 | run_id=20260526_235138 w=0.10 opt=slsqp
1.500687e+00 2.000921e+00 3.001373e+00 5.002303e+00 7.003256e+00 1.000461e+01 1.500687e+01 2.000921e+01 3.001373e+01 5.002303e+01 7.003256e+01 1.000461e+02 1.500687e+02 2.000921e+02 3.001373e+02 5.002303e+02 7.003256e+02 1.000461e+03 1.500687e+03 2.000921e+03 3.001373e+03 5.002303e+03 7.003256e+03 1.000461e+04 1.500687e+04
1.512063e-36 9.289450e-36 1.382324e-34 1.951327e-33 6.272924e-33 1.437275e-32 2.623916e-32 3.458916e-32 4.524598e-32 5.905545e-32 6.931544e-32 8.029528e-32 9.055449e-32 9.524452e-32 9.845324e-32 9.531473e-32 9.107098e-32 8.523736e-32 7.777500e-32 7.228530e-32 6.463385e-32 5.536687e-32 4.976798e-32 4.437823e-32 3.888392e-32
**Charge state=8, Number of density intervals=1
1.900000e+01 2.062568e-32 8.000000e+03 1.683400e+00 3.914600e+00 -5.624000e-01 25 | run_id=20260526_235728 w=0.10 opt=slsqp
1.500687e+00 2.000921e+00 3.001373e+00 5.002303e+00 7.003256e+00 1.000461e+01 1.500687e+01 2.000921e+01 3.001373e+01 5.002303e+01 7.003256e+01 1.000461e+02 1.500687e+02 2.000921e+02 3.001373e+02 5.002303e+02 7.003256e+02 1.000461e+03 1.500687e+03 2.000921e+03 3.001373e+03 5.002303e+03 7.003256e+03 1.000461e+04 1.500687e+04
3.418063e-35 1.342363e-34 9.214250e-34 6.292743e-33 1.330424e-32 2.239185e-32 3.160240e-32 3.636386e-32 4.060224e-32 4.418451e-32 4.679398e-32 4.981384e-32 5.268779e-32 5.395603e-32 5.434380e-32 5.246141e-32 5.030139e-32 4.732493e-32 4.332215e-32 4.026521e-32 3.604043e-32 3.117741e-32 2.824880e-32 2.542611e-32 2.254239e-32
**Charge state=9, Number of density intervals=22
1.400000e+01 2.879272e-32 8.000000e+03 2.110000e-01 3.107370e+01 -1.909000e+00 25 | run_id=20260527_000100 w=0.10 opt=slsqp
1.500687e+00 2.000921e+00 3.001373e+00 5.002303e+00 7.003256e+00 1.000461e+01 1.500687e+01 2.000921e+01 3.001373e+01 5.002303e+01 7.003256e+01 1.000461e+02 1.500687e+02 2.000921e+02 3.001373e+02 5.002303e+02 7.003256e+02 1.000461e+03 1.500687e+03 2.000921e+03 3.001373e+03 5.002303e+03 7.003256e+03 1.000461e+04 1.500687e+04
1.000000e-80 1.000000e-80 1.000000e-80 1.000000e-80 1.000000e-80 3.915525e-72 2.556878e-57 2.147188e-51 2.625609e-45 6.671139e-40 1.108026e-37 4.999539e-36 8.224888e-35 3.408867e-34 1.354815e-33 4.812824e-33 7.425744e-33 1.014565e-32 1.274823e-32 1.407894e-32 1.538403e-32 1.468351e-32 1.475741e-32 1.454990e-32 1.391938e-32
1.430000e+01 1.804533e-32 7.999981e+03 3.446000e-01 3.105380e+01 -1.773500e+00 25 | run_id=20260527_000401 w=0.10 opt=slsqp
1.500687e+00 2.000921e+00 3.001373e+00 5.002303e+00 7.003256e+00 1.000461e+01 1.500687e+01 2.000921e+01 3.001373e+01 5.002303e+01 7.003256e+01 1.000461e+02 1.500687e+02 2.000921e+02 3.001373e+02 5.002303e+02 7.003256e+02 1.000461e+03 1.500687e+03 2.000921e+03 3.001373e+03 5.002303e+03 7.003256e+03 1.000461e+04 1.500687e+04
1.000000e-80 1.000000e-80 1.000000e-80 1.000000e-80 1.000000e-80 3.913452e-72 2.908774e-57 2.222389e-51 2.555054e-45 6.666225e-40 1.107975e-37 4.991488e-36 8.380694e-35 3.440725e-34 1.354940e-33 4.813378e-33 7.426257e-33 1.014495e-32 1.270896e-32 1.407116e-32 1.542340e-32 1.467135e-32 1.476726e-32 1.455962e-32 1.392932e-32
1.470000e+01 2.932772e-32 8.000000e+03 2.028000e-01 3.101090e+01 -1.915100e+00 25 | run_id=20260527_000706 w=0.10 opt=slsqp
1.500687e+00 2.000921e+00 3.001373e+00 5.002303e+00 7.003256e+00 1.000461e+01 1.500687e+01 2.000921e+01 3.001373e+01 5.002303e+01 7.003256e+01 1.000461e+02 1.500687e+02 2.000921e+02 3.001373e+02 5.002303e+02 7.003256e+02 1.000461e+03 1.500687e+03 2.000921e+03 3.001373e+03 5.002303e+03 7.003256e+03 1.000461e+04 1.500687e+04
1.000000e-80 1.000000e-80 1.000000e-80 1.000000e-80 1.000000e-80 3.918050e-72 3.408553e-57 2.318515e-51 2.471952e-45 6.660395e-40 1.108052e-37 4.980008e-36 8.628792e-35 3.510670e-34 1.359440e-33 4.812381e-33 7.425232e-33 1.014425e-32 1.266164e-32 1.406177e-32 1.547426e-32 1.469265e-32 1.474620e-32 1.454052e-32 1.392067e-32
1.500000e+01 4.486062e-32 8.000956e+03 1.425000e-01 3.127550e+01 -2.024500e+00 25 | run_id=20260527_001039 w=0.15 opt=slsqp
1.500687e+00 2.000921e+00 3.001373e+00 5.002303e+00 7.003256e+00 1.000461e+01 1.500687e+01 2.000921e+01 3.001373e+01 5.002303e+01 7.003256e+01 1.000461e+02 1.500687e+02 2.000921e+02 3.001373e+02 5.002303e+02 7.003256e+02 1.000461e+03 1.500687e+03 2.000921e+03 3.001373e+03 5.002303e+03 7.003256e+03 1.000461e+04 1.500687e+04
1.000000e-80 1.000000e-80 1.000000e-80 1.000000e-80 1.000000e-80 3.929524e-72 3.603297e-57 2.353260e-51 2.443712e-45 6.658555e-40 1.108332e-37 4.973934e-36 8.786583e-35 3.581047e-34 1.368800e-33 4.809390e-33 7.422667e-33 1.014448e-32 1.264911e-32 1.405950e-32 1.549245e-32 1.476148e-32 1.469400e-32 1.449239e-32 1.388961e-32
1.530000e+01 3.784743e-32 8.000003e+03 1.876000e-01 3.121810e+01 -1.976100e+00 25 | run_id=20260527_001409 w=0.15 opt=slsqp
1.500687e+00 2.000921e+00 3.001373e+00 5.002303e+00 7.003256e+00 1.000461e+01 1.500687e+01 2.000921e+01 3.001373e+01 5.002303e+01 7.003256e+01 1.000461e+02 1.500687e+02 2.000921e+02 3.001373e+02 5.002303e+02 7.003256e+02 1.000461e+03 1.500687e+03 2.000921e+03 3.001373e+03 5.002303e+03 7.003256e+03 1.000461e+04 1.500687e+04
1.000000e-80 1.000000e-80 1.000000e-80 1.000000e-80 1.000000e-80 3.936407e-72 3.833187e-57 2.392930e-51 2.412459e-45 6.656256e-40 1.108690e-37 4.970499e-36 8.909226e-35 3.657716e-34 1.385766e-33 4.804852e-33 7.419250e-33 1.014495e-32 1.265290e-32 1.406080e-32 1.549173e-32 1.487716e-32 1.466189e-32 1.446106e-32 1.387299e-32
1.570000e+01 3.289781e-32 8.000000e+03 2.247000e-01 3.116680e+01 -1.935000e+00 25 | run_id=20260527_003157 w=0.15 opt=slsqp
1.500687e+00 2.000921e+00 3.001373e+00 5.002303e+00 7.003256e+00 1.000461e+01 1.500687e+01 2.000921e+01 3.001373e+01 5.002303e+01 7.003256e+01 1.000461e+02 1.500687e+02 2.000921e+02 3.001373e+02 5.002303e+02 7.003256e+02 1.000461e+03 1.500687e+03 2.000921e+03 3.001373e+03 5.002303e+03 7.003256e+03 1.000461e+04 1.500687e+04
1.000000e-80 1.000000e-80 1.000000e-80 1.000000e-80 1.000000e-80 3.915255e-72 4.860601e-57 2.552055e-51 2.296889e-45 6.646607e-40 1.109149e-37 4.968668e-36 9.026513e-35 3.750594e-34 1.424197e-33 4.797114e-33 7.415663e-33 1.014542e-32 1.266572e-32 1.406533e-32 1.546856e-32 1.509385e-32 1.475503e-32 1.454287e-32 1.394569e-32
1.600000e+01 3.120371e-32 8.000000e+03 2.244000e-01 3.111120e+01 -1.921000e+00 25 | run_id=20260527_003601 w=0.15 opt=slsqp
1.500687e+00 2.000921e+00 3.001373e+00 5.002303e+00 7.003256e+00 1.000461e+01 1.500687e+01 2.000921e+01 3.001373e+01 5.002303e+01 7.003256e+01 1.000461e+02 1.500687e+02 2.000921e+02 3.001373e+02 5.002303e+02 7.003256e+02 1.000461e+03 1.500687e+03 2.000921e+03 3.001373e+03 5.002303e+03 7.003256e+03 1.000461e+04 1.500687e+04
1.000000e-80 1.000000e-80 1.000000e-80 1.000000e-80 1.000000e-80 3.871952e-72 6.803619e-57 2.796018e-51 2.146001e-45 6.632695e-40 1.109328e-37 4.968554e-36 9.088244e-35 3.802682e-34 1.466797e-33 4.790932e-33 7.414980e-33 1.014519e-32 1.267156e-32 1.406922e-32 1.544010e-32 1.529607e-32 1.498166e-32 1.474620e-32 1.410945e-32
1.630000e+01 2.920665e-32 8.000000e+03 2.237000e-01 3.105690e+01 -1.903500e+00 25 | run_id=20260527_004017 w=0.15 opt=slsqp
1.500687e+00 2.000921e+00 3.001373e+00 5.002303e+00 7.003256e+00 1.000461e+01 1.500687e+01 2.000921e+01 3.001373e+01 5.002303e+01 7.003256e+01 1.000461e+02 1.500687e+02 2.000921e+02 3.001373e+02 5.002303e+02 7.003256e+02 1.000461e+03 1.500687e+03 2.000921e+03 3.001373e+03 5.002303e+03 7.003256e+03 1.000461e+04 1.500687e+04
1.000000e-80 1.000000e-80 1.000000e-80 1.000000e-80 1.000000e-80 3.846803e-72 8.679006e-57 2.987583e-51 2.045314e-45 6.622622e-40 1.109379e-37 4.968096e-36 9.131876e-35 3.838840e-34 1.513840e-33 4.784979e-33 7.415493e-33 1.014448e-32 1.267389e-32 1.407246e-32 1.540813e-32 1.550244e-32 1.528551e-32 1.502069e-32 1.432881e-32
1.670000e+01 2.149034e-32 8.000000e+03 2.886000e-01 3.100240e+01 -1.816400e+00 25 | run_id=20260527_004526 w=0.15 opt=slsqp
1.500687e+00 2.000921e+00 3.001373e+00 5.002303e+00 7.003256e+00 1.000461e+01 1.500687e+01 2.000921e+01 3.001373e+01 5.002303e+01 7.003256e+01 1.000461e+02 1.500687e+02 2.000921e+02 3.001373e+02 5.002303e+02 7.003256e+02 1.000461e+03 1.500687e+03 2.000921e+03 3.001373e+03 5.002303e+03 7.003256e+03 1.000461e+04 1.500687e+04
1.000000e-80 1.000000e-80 1.000000e-80 1.000000e-80 1.000000e-80 3.925907e-72 6.474109e-57 2.758354e-51 2.167754e-45 6.634986e-40 1.109175e-37 4.964437e-36 9.169803e-35 3.867319e-34 1.565561e-33 4.778813e-33 7.417200e-33 1.014285e-32 1.267448e-32 1.407570e-32 1.537269e-32 1.572751e-32 1.566066e-32 1.536420e-32 1.460966e-32
1.700000e+01 2.793516e-32 8.000001e+03 1.728000e-01 3.084750e+01 -1.900200e+00 25 | run_id=20260527_005159 w=0.10 opt=slsqp
1.500687e+00 2.000921e+00 3.001373e+00 5.002303e+00 7.003256e+00 1.000461e+01 1.500687e+01 2.000921e+01 3.001373e+01 5.002303e+01 7.003256e+01 1.000461e+02 1.500687e+02 2.000921e+02 3.001373e+02 5.002303e+02 7.003256e+02 1.000461e+03 1.500687e+03 2.000921e+03 3.001373e+03 5.002303e+03 7.003256e+03 1.000461e+04 1.500687e+04
1.000000e-80 1.000000e-80 1.000000e-80 1.000000e-80 1.000000e-80 4.114812e-72 2.641800e-57 2.164063e-51 2.610959e-45 6.672829e-40 1.108868e-37 4.958496e-36 9.189037e-35 3.878555e-34 1.585696e-33 4.775953e-33 7.418225e-33 1.014098e-32 1.267506e-32 1.407700e-32 1.535677e-32 1.582997e-32 1.583215e-32 1.552780e-32 1.475401e-32
1.730000e+01 2.146538e-32 8.000000e+03 2.700000e-01 3.096850e+01 -1.817900e+00 25 | run_id=20260527_005727 w=0.15 opt=slsqp
1.500687e+00 2.000921e+00 3.001373e+00 5.002303e+00 7.003256e+00 1.000461e+01 1.500687e+01 2.000921e+01 3.001373e+01 5.002303e+01 7.003256e+01 1.000461e+02 1.500687e+02 2.000921e+02 3.001373e+02 5.002303e+02 7.003256e+02 1.000461e+03 1.500687e+03 2.000921e+03 3.001373e+03 5.002303e+03 7.003256e+03 1.000461e+04 1.500687e+04
1.000000e-80 1.000000e-80 1.000000e-80 1.000000e-80 1.000000e-80 4.362646e-72 8.520008e-58 1.592942e-51 3.371708e-45 6.722178e-40 1.108511e-37 4.951423e-36 9.201529e-35 3.884007e-34 1.592355e-33 4.774853e-33 7.418567e-33 1.013865e-32 1.267623e-32 1.407797e-32 1.534829e-32 1.588693e-32 1.591476e-32 1.561277e-32 1.483953e-32
1.770000e+01 2.062431e-32 8.000000e+03 2.778000e-01 3.096390e+01 -1.806700e+00 25 | run_id=20260527_010400 w=0.15 opt=slsqp
1.500687e+00 2.000921e+00 3.001373e+00 5.002303e+00 7.003256e+00 1.000461e+01 1.500687e+01 2.000921e+01 3.001373e+01 5.002303e+01 7.003256e+01 1.000461e+02 1.500687e+02 2.000921e+02 3.001373e+02 5.002303e+02 7.003256e+02 1.000461e+03 1.500687e+03 2.000921e+03 3.001373e+03 5.002303e+03 7.003256e+03 1.000461e+04 1.500687e+04
1.000000e-80 1.000000e-80 1.000000e-80 1.000000e-80 1.000000e-80 1.068366e-71 2.855946e-58 1.167992e-51 4.481568e-45 6.774699e-40 1.108128e-37 4.944473e-36 9.208736e-35 3.887407e-34 1.591732e-33 4.775733e-33 7.417029e-33 1.013421e-32 1.267827e-32 1.407959e-32 1.534052e-32 1.593309e-32 1.594630e-32 1.565129e-32 1.488950e-32
1.800000e+01 2.034216e-32 7.999998e+03 2.808000e-01 3.096290e+01 -1.802800e+00 25 | run_id=20260527_010955 w=0.15 opt=slsqp
1.500687e+00 2.000921e+00 3.001373e+00 5.002303e+00 7.003256e+00 1.000461e+01 1.500687e+01 2.000921e+01 3.001373e+01 5.002303e+01 7.003256e+01 1.000461e+02 1.500687e+02 2.000921e+02 3.001373e+02 5.002303e+02 7.003256e+02 1.000461e+03 1.500687e+03 2.000921e+03 3.001373e+03 5.002303e+03 7.003256e+03 1.000461e+04 1.500687e+04
1.000000e-80 1.000000e-80 1.000000e-80 1.000000e-80 1.000000e-80 4.852885e-71 2.270074e-58 1.087852e-51 4.802640e-45 6.787190e-40 1.108052e-37 4.942993e-36 9.208736e-35 3.890004e-34 1.591329e-33 4.777602e-33 7.414127e-33 1.012978e-32 1.267973e-32 1.408186e-32 1.533310e-32 1.597055e-32 1.595034e-32 1.565633e-32 1.489876e-32
1.830000e+01 2.058495e-32 8.000000e+03 2.773000e-01 3.096240e+01 -1.806300e+00 25 | run_id=20260527_011510 w=0.15 opt=slsqp
1.500687e+00 2.000921e+00 3.001373e+00 5.002303e+00 7.003256e+00 1.000461e+01 1.500687e+01 2.000921e+01 3.001373e+01 5.002303e+01 7.003256e+01 1.000461e+02 1.500687e+02 2.000921e+02 3.001373e+02 5.002303e+02 7.003256e+02 1.000461e+03 1.500687e+03 2.000921e+03 3.001373e+03 5.002303e+03 7.003256e+03 1.000461e+04 1.500687e+04
1.000000e-80 1.000000e-80 1.000000e-80 1.000000e-80 1.000000e-80 2.685283e-71 2.452393e-58 1.114654e-51 4.689429e-45 6.782815e-40 1.108077e-37 4.943790e-36 9.207675e-35 3.892692e-34 1.591842e-33 4.778703e-33 7.410542e-33 1.012558e-32 1.268090e-32 1.408348e-32 1.532534e-32 1.600553e-32 1.594887e-32 1.565273e-32 1.489533e-32
1.870000e+01 2.041637e-32 8.000000e+03 2.796000e-01 3.096120e+01 -1.803900e+00 25 | run_id=20260527_013544 w=0.15 opt=slsqp
1.500687e+00 2.000921e+00 3.001373e+00 5.002303e+00 7.003256e+00 1.000461e+01 1.500687e+01 2.000921e+01 3.001373e+01 5.002303e+01 7.003256e+01 1.000461e+02 1.500687e+02 2.000921e+02 3.001373e+02 5.002303e+02 7.003256e+02 1.000461e+03 1.500687e+03 2.000921e+03 3.001373e+03 5.002303e+03 7.003256e+03 1.000461e+04 1.500687e+04
1.000000e-80 1.000000e-80 1.000000e-80 1.000000e-80 1.000000e-80 8.552045e-72 3.003101e-58 1.185741e-51 4.417128e-45 6.772048e-40 1.108154e-37 4.944928e-36 9.212129e-35 3.895202e-34 1.592869e-33 4.775073e-33 7.407131e-33 1.012209e-32 1.268090e-32 1.408186e-32 1.531863e-32 1.603061e-32 1.594483e-32 1.564732e-32 1.488710e-32
1.900000e+01 2.101651e-32 8.000001e+03 2.706000e-01 3.095910e+01 -1.812500e+00 25 | run_id=20260527_014139 w=0.15 opt=slsqp
1.500687e+00 2.000921e+00 3.001373e+00 5.002303e+00 7.003256e+00 1.000461e+01 1.500687e+01 2.000921e+01 3.001373e+01 5.002303e+01 7.003256e+01 1.000461e+02 1.500687e+02 2.000921e+02 3.001373e+02 5.002303e+02 7.003256e+02 1.000461e+03 1.500687e+03 2.000921e+03 3.001373e+03 5.002303e+03 7.003256e+03 1.000461e+04 1.500687e+04
1.000000e-80 1.000000e-80 1.000000e-80 1.000000e-80 1.000000e-80 8.186156e-72 3.039205e-58 1.189871e-51 4.402405e-45 6.771580e-40 1.108179e-37 4.944473e-36 9.222316e-35 3.895740e-34 1.593236e-33 4.767931e-33 7.406619e-33 1.012232e-32 1.268002e-32 1.407927e-32 1.531757e-32 1.602913e-32 1.594483e-32 1.564768e-32 1.488675e-32
1.930000e+01 2.050915e-32 8.000000e+03 2.778000e-01 3.095950e+01 -1.805300e+00 25 | run_id=20260527_014730 w=0.15 opt=slsqp
1.500687e+00 2.000921e+00 3.001373e+00 5.002303e+00 7.003256e+00 1.000461e+01 1.500687e+01 2.000921e+01 3.001373e+01 5.002303e+01 7.003256e+01 1.000461e+02 1.500687e+02 2.000921e+02 3.001373e+02 5.002303e+02 7.003256e+02 1.000461e+03 1.500687e+03 2.000921e+03 3.001373e+03 5.002303e+03 7.003256e+03 1.000461e+04 1.500687e+04
1.000000e-80 1.000000e-80 1.000000e-80 1.000000e-80 1.000000e-80 9.013013e-72 2.965992e-58 1.181191e-51 4.433840e-45 6.772671e-40 1.108128e-37 4.943904e-36 9.229326e-35 3.895920e-34 1.593346e-33 4.763981e-33 7.408154e-33 1.012395e-32 1.268090e-32 1.408835e-32 1.532004e-32 1.603652e-32 1.594520e-32 1.564588e-32 1.488778e-32
2.000000e+01 2.028917e-32 8.000001e+03 2.788000e-01 3.095250e+01 -1.802900e+00 25 | run_id=20260527_015245 w=0.15 opt=slsqp
1.500687e+00 2.000921e+00 3.001373e+00 5.002303e+00 7.003256e+00 1.000461e+01 1.500687e+01 2.000921e+01 3.001373e+01 5.002303e+01 7.003256e+01 1.000461e+02 1.500687e+02 2.000921e+02 3.001373e+02 5.002303e+02 7.003256e+02 1.000461e+03 1.500687e+03 2.000921e+03 3.001373e+03 5.002303e+03 7.003256e+03 1.000461e+04 1.500687e+04
1.000000e-80 1.000000e-80 1.000000e-80 1.000000e-80 1.000000e-80 8.699013e-72 2.991025e-58 1.184732e-51 4.423235e-45 6.774699e-40 1.108383e-37 4.944587e-36 9.218707e-35 3.895112e-34 1.593199e-33 4.764749e-33 7.399800e-33 1.011579e-32 1.267127e-32 1.401555e-32 1.530770e-32 1.596026e-32 1.594557e-32 1.565885e-32 1.488675e-32
2.030000e+01 3.763908e-32 8.000000e+03 9.840000e-02 3.095260e+01 -1.983200e+00 25 | run_id=20260527_015919 w=0.15 opt=slsqp
1.500687e+00 2.000921e+00 3.001373e+00 5.002303e+00 7.003256e+00 1.000461e+01 1.500687e+01 2.000921e+01 3.001373e+01 5.002303e+01 7.003256e+01 1.000461e+02 1.500687e+02 2.000921e+02 3.001373e+02 5.002303e+02 7.003256e+02 1.000461e+03 1.500687e+03 2.000921e+03 3.001373e+03 5.002303e+03 7.003256e+03 1.000461e+04 1.500687e+04
1.000000e-80 1.000000e-80 1.000000e-80 1.000000e-80 1.000000e-80 8.816171e-72 2.981124e-58 1.183614e-51 4.427820e-45 6.778132e-40 1.108281e-37 4.944814e-36 9.212341e-35 3.895651e-34 1.594006e-33 4.765297e-33 7.396904e-33 1.010858e-32 1.266747e-32 1.397591e-32 1.530242e-32 1.591879e-32 1.594630e-32 1.562680e-32 1.489121e-32
2.070000e+01 2.128315e-32 8.000000e+03 2.658000e-01 3.095060e+01 -1.817000e+00 25 | run_id=20260527_020746 w=0.15 opt=slsqp
1.500687e+00 2.000921e+00 3.001373e+00 5.002303e+00 7.003256e+00 1.000461e+01 1.500687e+01 2.000921e+01 3.001373e+01 5.002303e+01 7.003256e+01 1.000461e+02 1.500687e+02 2.000921e+02 3.001373e+02 5.002303e+02 7.003256e+02 1.000461e+03 1.500687e+03 2.000921e+03 3.001373e+03 5.002303e+03 7.003256e+03 1.000461e+04 1.500687e+04
1.000000e-80 1.000000e-80 1.000000e-80 1.000000e-80 1.000000e-80 8.788606e-72 2.983390e-58 1.183641e-51 4.425578e-45 6.779849e-40 1.107592e-37 4.945042e-36 9.213614e-35 3.896368e-34 1.593749e-33 4.764639e-33 7.398267e-33 1.010160e-32 1.266922e-32 1.398750e-32 1.530418e-32 1.593236e-32 1.594483e-32 1.554641e-32 1.490493e-32
2.100000e+01 2.026343e-32 8.000093e+03 2.788000e-01 3.094970e+01 -1.803000e+00 25 | run_id=20260527_023428 w=0.15 opt=slsqp
1.500687e+00 2.000921e+00 3.001373e+00 5.002303e+00 7.003256e+00 1.000461e+01 1.500687e+01 2.000921e+01 3.001373e+01 5.002303e+01 7.003256e+01 1.000461e+02 1.500687e+02 2.000921e+02 3.001373e+02 5.002303e+02 7.003256e+02 1.000461e+03 1.500687e+03 2.000921e+03 3.001373e+03 5.002303e+03 7.003256e+03 1.000461e+04 1.500687e+04
1.000000e-80 1.000000e-80 1.000000e-80 1.000000e-80 1.000000e-80 8.611325e-72 3.000751e-58 1.185496e-51 4.413468e-45 6.776571e-40 1.107312e-37 4.945384e-36 9.221467e-35 3.893678e-34 1.589791e-33 4.758499e-33 7.391796e-33 1.009416e-32 1.266602e-32 1.398975e-32 1.530242e-32 1.593456e-32 1.594190e-32 1.553996e-32 1.490768e-32
2.130000e+01 2.054347e-32 8.000002e+03 2.752000e-01 3.095180e+01 -1.807000e+00 25 | run_id=20260527_023932 w=0.15 opt=slsqp
1.500687e+00 2.000921e+00 3.001373e+00 5.002303e+00 7.003256e+00 1.000461e+01 1.500687e+01 2.000921e+01 3.001373e+01 5.002303e+01 7.003256e+01 1.000461e+02 1.500687e+02 2.000921e+02 3.001373e+02 5.002303e+02 7.003256e+02 1.000461e+03 1.500687e+03 2.000921e+03 3.001373e+03 5.002303e+03 7.003256e+03 1.000461e+04 1.500687e+04
1.000000e-80 1.000000e-80 1.000000e-80 1.000000e-80 1.000000e-80 9.382315e-72 2.941305e-58 1.178447e-51 4.437312e-45 6.773763e-40 1.107363e-37 4.944359e-36 9.225927e-35 3.891706e-34 1.588144e-33 4.753133e-33 7.382441e-33 1.008510e-32 1.267506e-32 1.398750e-32 1.531017e-32 1.592942e-32 1.595218e-32 1.555392e-32 1.486723e-32
**Charge state=10, Number of density intervals=1
1.900000e+01 1.848530e-32 8.000000e+03 8.000000e-02 3.261800e+01 -1.954700e+00 25 | run_id=20260527_024212 w=0.10 opt=slsqp
1.500687e+00 2.000921e+00 3.001373e+00 5.002303e+00 7.003256e+00 1.000461e+01 1.500687e+01 2.000921e+01 3.001373e+01 5.002303e+01 7.003256e+01 1.000461e+02 1.500687e+02 2.000921e+02 3.001373e+02 5.002303e+02 7.003256e+02 1.000461e+03 1.500687e+03 2.000921e+03 3.001373e+03 5.002303e+03 7.003256e+03 1.000461e+04 1.500687e+04
1.000000e-80 1.000000e-80 1.000000e-80 1.000000e-80 1.000000e-80 1.000000e-80 6.514634e-61 1.939635e-54 9.139028e-47 4.565097e-41 1.411172e-38 9.628309e-37 2.539393e-35 1.274178e-34 6.292019e-34 2.200848e-33 3.640575e-33 5.220715e-33 6.785002e-33 7.651032e-33 8.490632e-33 8.984212e-33 9.026097e-33 8.898565e-33 8.611524e-33
***Atomic number=18; Number of charge states=18
**Charge state=1, Number of density intervals=1
1.900000e+01 4.079490e-32 8.000000e+03 1.438800e+00 3.709000e+00 -1.557200e+00 46 | run_id=20260527_024219 w=0.15 opt=slsqp
1.584747e+00 1.994941e+00 2.511366e+00 3.161477e+00 3.979880e+00 5.010142e+00 6.306959e+00 7.939625e+00 9.994936e+00 1.258230e+01 1.583945e+01 1.993976e+01 2.510094e+01 3.159876e+01 3.977865e+01 5.007604e+01 6.303910e+01 7.935604e+01 9.989874e+01 1.257593e+02 1.583142e+02 1.992967e+02 2.508823e+02 3.158275e+02 3.975850e+02 5.005068e+02 6.300717e+02 7.931585e+02 9.984814e+02 1.256956e+03 1.582341e+03 1.991957e+03 2.507552e+03 3.156676e+03 3.973837e+03 5.002533e+03 6.297526e+03 7.927751e+03 9.979758e+03 1.256319e+04 1.581539e+04 1.990948e+04 2.506340e+04 3.155077e+04 3.971824e+04 5.000000e+04
1.997699e-35 1.007836e-34 3.610688e-34 9.798283e-34 2.125201e-33 3.850348e-33 6.039625e-33 8.443257e-33 1.076688e-32 1.276027e-32 1.426593e-32 1.522509e-32 1.565922e-32 1.563940e-32 1.525879e-32 1.461336e-32 1.379018e-32 1.286145e-32 1.188393e-32 1.089959e-32 9.938252e-33 9.019241e-33 8.154926e-33 7.351738e-33 6.611957e-33 5.935673e-33 5.320715e-33 4.763761e-33 4.261181e-33 3.808816e-33 3.402436e-33 3.037946e-33 2.711565e-33 2.419469e-33 2.158390e-33 1.925085e-33 1.716762e-33 1.530805e-33 1.364866e-33 1.216802e-33 1.084751e-33 9.669856e-34 8.619856e-34 7.683516e-34 6.848729e-34 6.104499e-34
**Charge state=2, Number of density intervals=1
1.900000e+01 9.650222e-31 8.000000e+03 4.353000e-01 4.158700e+00 -2.521100e+00 46 | run_id=20260527_025425 w=0.10 opt=slsqp
1.584747e+00 1.994941e+00 2.511366e+00 3.161477e+00 3.979880e+00 5.010142e+00 6.306959e+00 7.939625e+00 9.994936e+00 1.258230e+01 1.583945e+01 1.993976e+01 2.510094e+01 3.159876e+01 3.977865e+01 5.007604e+01 6.303910e+01 7.935604e+01 9.989874e+01 1.257593e+02 1.583142e+02 1.992967e+02 2.508823e+02 3.158275e+02 3.975850e+02 5.005068e+02 6.300717e+02 7.931585e+02 9.984814e+02 1.256956e+03 1.582341e+03 1.991957e+03 2.507552e+03 3.156676e+03 3.973837e+03 5.002533e+03 6.297526e+03 7.927751e+03 9.979758e+03 1.256319e+04 1.581539e+04 1.990948e+04 2.506340e+04 3.155077e+04 3.971824e+04 5.000000e+04
3.688842e-35 1.921720e-34 7.432416e-34 2.269133e-33 5.682246e-33 1.198119e-32 2.174954e-32 3.470963e-32 4.967753e-32 6.493517e-32 7.877347e-32 8.991870e-32 9.770122e-32 1.020164e-31 1.031716e-31 1.016998e-31 9.821775e-32 9.331683e-32 8.750845e-32 8.121383e-32 7.474979e-32 6.834866e-32 6.216844e-32 5.631188e-32 5.083818e-32 4.577517e-32 4.113012e-32 3.689521e-32 3.305293e-32 2.957876e-32 2.644844e-32 2.363306e-32 2.110668e-32 1.884213e-32 1.681512e-32 1.500237e-32 1.338197e-32 1.193466e-32 1.064266e-32 9.489209e-33 8.460383e-33 7.542408e-33 6.723726e-33 5.993631e-33 5.342690e-33 4.762226e-33
**Charge state=3, Number of density intervals=1
1.900000e+01 1.739608e-30 7.999187e+03 1.017800e+00 4.929800e+00 -1.949700e+00 46 | run_id=20260527_031125 w=0.10 opt=slsqp
1.584747e+00 1.994941e+00 2.511366e+00 3.161477e+00 3.979880e+00 5.010142e+00 6.306959e+00 7.939625e+00 9.994936e+00 1.258230e+01 1.583945e+01 1.993976e+01 2.510094e+01 3.159876e+01 3.977865e+01 5.007604e+01 6.303910e+01 7.935604e+01 9.989874e+01 1.257593e+02 1.583142e+02 1.992967e+02 2.508823e+02 3.158275e+02 3.975850e+02 5.005068e+02 6.300717e+02 7.931585e+02 9.984814e+02 1.256956e+03 1.582341e+03 1.991957e+03 2.507552e+03 3.156676e+03 3.973837e+03 5.002533e+03 6.297526e+03 7.927751e+03 9.979758e+03 1.256319e+04 1.581539e+04 1.990948e+04 2.506340e+04 3.155077e+04 3.971824e+04 5.000000e+04
6.171774e-36 4.892716e-35 2.872235e-34 1.338228e-33 4.975996e-33 1.474552e-32 3.536226e-32 7.049365e-32 1.203068e-31 1.806800e-31 2.445682e-31 3.044038e-31 3.541686e-31 3.904002e-31 4.121260e-31 4.203103e-31 4.170230e-31 4.047809e-31 3.861002e-31 3.631868e-31 3.378858e-31 3.115875e-31 2.853317e-31 2.598424e-31 2.355863e-31 2.128433e-31 1.917609e-31 1.723812e-31 1.546892e-31 1.386181e-31 1.240795e-31 1.109686e-31 9.917221e-32 8.857884e-32 7.908425e-32 7.058136e-32 6.297526e-32 5.617719e-32 5.010257e-32 4.467967e-32 3.983914e-32 3.551976e-32 3.166650e-32 2.822929e-32 2.516460e-32 2.243159e-32
**Charge state=4, Number of density intervals=1
1.900000e+01 6.860703e-32 8.000000e+03 2.982500e+00 4.835700e+00 2.930000e-02 46 | run_id=20260527_032646 w=0.10 opt=slsqp
1.584747e+00 1.994941e+00 2.511366e+00 3.161477e+00 3.979880e+00 5.010142e+00 6.306959e+00 7.939625e+00 9.994936e+00 1.258230e+01 1.583945e+01 1.993976e+01 2.510094e+01 3.159876e+01 3.977865e+01 5.007604e+01 6.303910e+01 7.935604e+01 9.989874e+01 1.257593e+02 1.583142e+02 1.992967e+02 2.508823e+02 3.158275e+02 3.975850e+02 5.005068e+02 6.300717e+02 7.931585e+02 9.984814e+02 1.256956e+03 1.582341e+03 1.991957e+03 2.507552e+03 3.156676e+03 3.973837e+03 5.002533e+03 6.297526e+03 7.927751e+03 9.979758e+03 1.256319e+04 1.581539e+04 1.990948e+04 2.506340e+04 3.155077e+04 3.971824e+04 5.000000e+04
1.463558e-35 1.031003e-34 5.006336e-34 1.877371e-33 5.828677e-33 1.534228e-32 3.439379e-32 6.616373e-32 1.108894e-31 1.650403e-31 2.224027e-31 2.762231e-31 3.210628e-31 3.537447e-31 3.733705e-31 3.807676e-31 3.777896e-31 3.667161e-31 3.498002e-31 3.290637e-31 3.061399e-31 2.823254e-31 2.585413e-31 2.354507e-31 2.134765e-31 1.928679e-31 1.737681e-31 1.562104e-31 1.401780e-31 1.256175e-31 1.124424e-31 1.005588e-31 8.986902e-32 8.027125e-32 7.166713e-32 6.396170e-32 5.706897e-32 5.090729e-32 4.540357e-32 4.048927e-32 3.610273e-32 3.218845e-32 2.869591e-32 2.558174e-32 2.280395e-32 2.032731e-32
**Charge state=5, Number of density intervals=1
1.900000e+01 1.453336e-31 7.999536e+03 2.436400e+00 4.780600e+00 -5.183000e-01 46 | run_id=20260527_034517 w=0.10 opt=slsqp
1.584747e+00 1.994941e+00 2.511366e+00 3.161477e+00 3.979880e+00 5.010142e+00 6.306959e+00 7.939625e+00 9.994936e+00 1.258230e+01 1.583945e+01 1.993976e+01 2.510094e+01 3.159876e+01 3.977865e+01 5.007604e+01 6.303910e+01 7.935604e+01 9.989874e+01 1.257593e+02 1.583142e+02 1.992967e+02 2.508823e+02 3.158275e+02 3.975850e+02 5.005068e+02 6.300717e+02 7.931585e+02 9.984814e+02 1.256956e+03 1.582341e+03 1.991957e+03 2.507552e+03 3.156676e+03 3.973837e+03 5.002533e+03 6.297526e+03 7.927751e+03 9.979758e+03 1.256319e+04 1.581539e+04 1.990948e+04 2.506340e+04 3.155077e+04 3.971824e+04 5.000000e+04
1.015243e-35 7.878617e-35 4.226492e-34 1.715576e-33 5.559299e-33 1.478121e-32 3.285186e-32 6.223289e-32 1.026573e-31 1.506711e-31 2.007382e-31 2.470643e-31 2.851347e-31 3.124352e-31 3.283598e-31 3.337567e-31 3.302935e-31 3.199558e-31 3.047193e-31 2.862925e-31 2.660970e-31 2.452054e-31 2.244140e-31 2.042678e-31 1.851314e-31 1.672130e-31 1.506156e-31 1.353724e-31 1.214619e-31 1.088303e-31 9.740696e-32 8.710839e-32 7.784308e-32 6.952644e-32 6.207118e-32 5.539620e-32 4.942538e-32 4.408796e-32 3.932059e-32 3.506469e-32 3.126511e-32 2.787533e-32 2.485078e-32 2.215389e-32 1.974831e-32 1.760354e-32
**Charge state=6, Number of density intervals=1
1.900000e+01 9.639395e-31 7.999423e+03 1.073500e+00 4.671400e+00 -1.894700e+00 46 | run_id=20260527_040258 w=0.10 opt=slsqp
1.584747e+00 1.994941e+00 2.511366e+00 3.161477e+00 3.979880e+00 5.010142e+00 6.306959e+00 7.939625e+00 9.994936e+00 1.258230e+01 1.583945e+01 1.993976e+01 2.510094e+01 3.159876e+01 3.977865e+01 5.007604e+01 6.303910e+01 7.935604e+01 9.989874e+01 1.257593e+02 1.583142e+02 1.992967e+02 2.508823e+02 3.158275e+02 3.975850e+02 5.005068e+02 6.300717e+02 7.931585e+02 9.984814e+02 1.256956e+03 1.582341e+03 1.991957e+03 2.507552e+03 3.156676e+03 3.973837e+03 5.002533e+03 6.297526e+03 7.927751e+03 9.979758e+03 1.256319e+04 1.581539e+04 1.990948e+04 2.506340e+04 3.155077e+04 3.971824e+04 5.000000e+04
5.585088e-36 5.355623e-35 3.401575e-34 1.538013e-33 5.223000e-33 1.392227e-32 3.027541e-32 5.557251e-32 8.870130e-32 1.262845e-31 1.638476e-31 1.972059e-31 2.234344e-31 2.411682e-31 2.503860e-31 2.520055e-31 2.474287e-31 2.381771e-31 2.256888e-31 2.111932e-31 1.956591e-31 1.798374e-31 1.642517e-31 1.492691e-31 1.351108e-31 1.219074e-31 1.097185e-31 9.854850e-32 8.837715e-32 7.915348e-32 7.082230e-32 6.331695e-32 5.657180e-32 5.051845e-32 4.509621e-32 4.024204e-32 3.590211e-32 3.202285e-32 2.855880e-32 2.546654e-32 2.270649e-32 2.024371e-32 1.804721e-32 1.608792e-32 1.434102e-32 1.278351e-32
**Charge state=7, Number of density intervals=1
1.900000e+01 2.480634e-32 8.000000e+03 3.463100e+00 4.629400e+00 4.721000e-01 46 | run_id=20260527_040305 w=0.10 opt=slsqp
1.584747e+00 1.994941e+00 2.511366e+00 3.161477e+00 3.979880e+00 5.010142e+00 6.306959e+00 7.939625e+00 9.994936e+00 1.258230e+01 1.583945e+01 1.993976e+01 2.510094e+01 3.159876e+01 3.977865e+01 5.007604e+01 6.303910e+01 7.935604e+01 9.989874e+01 1.257593e+02 1.583142e+02 1.992967e+02 2.508823e+02 3.158275e+02 3.975850e+02 5.005068e+02 6.300717e+02 7.931585e+02 9.984814e+02 1.256956e+03 1.582341e+03 1.991957e+03 2.507552e+03 3.156676e+03 3.973837e+03 5.002533e+03 6.297526e+03 7.927751e+03 9.979758e+03 1.256319e+04 1.581539e+04 1.990948e+04 2.506340e+04 3.155077e+04 3.971824e+04 5.000000e+04
2.831196e-36 4.021518e-35 3.232585e-34 1.653141e-33 5.902554e-33 1.584309e-32 3.389846e-32 6.058150e-32 9.384908e-32 1.298016e-31 1.641005e-31 1.932146e-31 2.150156e-31 2.288021e-31 2.349579e-31 2.345201e-31 2.288284e-31 2.192603e-31 2.070570e-31 1.932636e-31 1.787187e-31 1.640363e-31 1.496649e-31 1.359064e-31 1.229419e-31 1.108766e-31 9.975622e-32 8.957772e-32 8.031377e-32 7.192005e-32 6.434281e-32 5.751750e-32 5.138543e-32 4.588492e-32 4.095812e-32 3.654770e-32 3.260544e-32 2.908171e-32 2.593522e-32 2.312650e-32 2.062006e-32 1.838358e-32 1.638853e-32 1.460932e-32 1.302297e-32 1.160834e-32
**Charge state=8, Number of density intervals=1
1.900000e+01 1.225175e-32 8.000000e+03 3.746800e+00 4.209000e+00 7.567000e-01 46 | run_id=20260527_040313 w=0.10 opt=slsqp
1.584747e+00 1.994941e+00 2.511366e+00 3.161477e+00 3.979880e+00 5.010142e+00 6.306959e+00 7.939625e+00 9.994936e+00 1.258230e+01 1.583945e+01 1.993976e+01 2.510094e+01 3.159876e+01 3.977865e+01 5.007604e+01 6.303910e+01 7.935604e+01 9.989874e+01 1.257593e+02 1.583142e+02 1.992967e+02 2.508823e+02 3.158275e+02 3.975850e+02 5.005068e+02 6.300717e+02 7.931585e+02 9.984814e+02 1.256956e+03 1.582341e+03 1.991957e+03 2.507552e+03 3.156676e+03 3.973837e+03 5.002533e+03 6.297526e+03 7.927751e+03 9.979758e+03 1.256319e+04 1.581539e+04 1.990948e+04 2.506340e+04 3.155077e+04 3.971824e+04 5.000000e+04
1.560235e-35 1.372429e-34 7.539456e-34 2.849509e-33 8.001843e-33 1.774639e-32 3.263097e-32 5.169874e-32 7.277295e-32 9.326528e-32 1.109609e-31 1.244687e-31 1.332723e-31 1.375308e-31 1.378352e-31 1.349584e-31 1.297030e-31 1.228061e-31 1.148894e-31 1.064511e-31 9.787235e-32 8.942522e-32 8.129803e-32 7.361562e-32 6.644618e-32 5.982049e-32 5.374524e-32 4.820810e-32 4.318471e-32 3.864560e-32 3.455413e-32 3.087593e-32 2.757528e-32 2.461671e-32 2.196797e-32 1.959973e-32 1.748276e-32 1.559193e-32 1.390369e-32 1.239710e-32 1.105274e-32 9.853488e-33 8.783953e-33 7.830149e-33 6.979752e-33 6.221570e-33
**Charge state=9, Number of density intervals=1
1.900000e+01 2.679334e-30 8.000000e+03 8.000000e-02 1.713330e+01 -2.914800e+00 46 | run_id=20260527_041101 w=0.20 opt=slsqp
1.584747e+00 1.994941e+00 2.511366e+00 3.161477e+00 3.979880e+00 5.010142e+00 6.306959e+00 7.939625e+00 9.994936e+00 1.258230e+01 1.583945e+01 1.993976e+01 2.510094e+01 3.159876e+01 3.977865e+01 5.007604e+01 6.303910e+01 7.935604e+01 9.989874e+01 1.257593e+02 1.583142e+02 1.992967e+02 2.508823e+02 3.158275e+02 3.975850e+02 5.005068e+02 6.300717e+02 7.931585e+02 9.984814e+02 1.256956e+03 1.582341e+03 1.991957e+03 2.507552e+03 3.156676e+03 3.973837e+03 5.002533e+03 6.297526e+03 7.927751e+03 9.979758e+03 1.256319e+04 1.581539e+04 1.990948e+04 2.506340e+04 3.155077e+04 3.971824e+04 5.000000e+04
1.000000e-80 1.000000e-80 1.474721e-75 1.247987e-66 1.505636e-59 6.214698e-54 1.768968e-49 6.150211e-46 4.196334e-43 8.196152e-41 5.978056e-39 1.938340e-37 3.182219e-36 2.963330e-35 1.732208e-34 6.939369e-34 2.050643e-33 4.748430e-33 9.048571e-33 1.476114e-32 2.127551e-32 2.778753e-32 3.355521e-32 3.807150e-32 4.110645e-32 4.266876e-32 4.292497e-32 4.212113e-32 4.052285e-32 3.837779e-32 3.589550e-32 3.324298e-32 3.054429e-32 2.788945e-32 2.533961e-32 2.293190e-32 2.068759e-32 1.861701e-32 1.672014e-32 1.499305e-32 1.342765e-32 1.201351e-32 1.074014e-32 9.595553e-33 8.568603e-33 7.648742e-33
**Charge state=10, Number of density intervals=1
1.900000e+01 7.318937e-31 8.000000e+03 9.750000e-02 1.281180e+01 -2.600000e+00 46 | run_id=20260527_042032 w=0.10 opt=slsqp
1.584747e+00 1.994941e+00 2.511366e+00 3.161477e+00 3.979880e+00 5.010142e+00 6.306959e+00 7.939625e+00 9.994936e+00 1.258230e+01 1.583945e+01 1.993976e+01 2.510094e+01 3.159876e+01 3.977865e+01 5.007604e+01 6.303910e+01 7.935604e+01 9.989874e+01 1.257593e+02 1.583142e+02 1.992967e+02 2.508823e+02 3.158275e+02 3.975850e+02 5.005068e+02 6.300717e+02 7.931585e+02 9.984814e+02 1.256956e+03 1.582341e+03 1.991957e+03 2.507552e+03 3.156676e+03 3.973837e+03 5.002533e+03 6.297526e+03 7.927751e+03 9.979758e+03 1.256319e+04 1.581539e+04 1.990948e+04 2.506340e+04 3.155077e+04 3.971824e+04 5.000000e+04
1.808756e-52 3.235192e-48 7.545361e-45 3.488751e-42 4.460361e-40 2.053903e-38 4.202522e-37 4.514296e-36 2.906431e-35 1.246092e-34 3.867764e-34 9.288808e-34 1.820120e-33 3.040815e-33 4.512945e-33 6.221284e-33 8.344686e-33 1.124061e-32 1.523000e-32 2.033434e-32 2.618123e-32 3.213143e-32 3.750507e-32 4.178015e-32 4.467556e-32 4.614557e-32 4.631589e-32 4.540775e-32 4.367873e-32 4.137519e-32 3.871328e-32 3.586741e-32 3.296932e-32 3.011549e-32 2.737033e-32 2.477650e-32 2.235733e-32 2.012334e-32 1.807590e-32 1.621063e-32 1.451978e-32 1.299182e-32 1.161529e-32 1.037815e-32 9.267871e-33 8.273133e-33
**Charge state=11, Number of density intervals=1
1.900000e+01 2.134911e-31 8.000000e+03 1.309000e-01 8.628500e+00 -2.308500e+00 46 | run_id=20260527_043552 w=0.10 opt=slsqp
1.584747e+00 1.994941e+00 2.511366e+00 3.161477e+00 3.979880e+00 5.010142e+00 6.306959e+00 7.939625e+00 9.994936e+00 1.258230e+01 1.583945e+01 1.993976e+01 2.510094e+01 3.159876e+01 3.977865e+01 5.007604e+01 6.303910e+01 7.935604e+01 9.989874e+01 1.257593e+02 1.583142e+02 1.992967e+02 2.508823e+02 3.158275e+02 3.975850e+02 5.005068e+02 6.300717e+02 7.931585e+02 9.984814e+02 1.256956e+03 1.582341e+03 1.991957e+03 2.507552e+03 3.156676e+03 3.973837e+03 5.002533e+03 6.297526e+03 7.927751e+03 9.979758e+03 1.256319e+04 1.581539e+04 1.990948e+04 2.506340e+04 3.155077e+04 3.971824e+04 5.000000e+04
1.297000e-49 6.758962e-46 5.918614e-43 1.256724e-40 8.659045e-39 2.440170e-37 3.380181e-36 2.663483e-35 1.340695e-34 4.727157e-34 1.256175e-33 2.666490e-33 4.735436e-33 7.300792e-33 1.007836e-32 1.282124e-32 1.549173e-32 1.831935e-32 2.165310e-32 2.569804e-32 3.033612e-32 3.514471e-32 3.957856e-32 4.315389e-32 4.557115e-32 4.673691e-32 4.672507e-32 4.571303e-32 4.392786e-32 4.159393e-32 3.891437e-32 3.605537e-32 3.314744e-32 3.028308e-32 2.752770e-32 2.492241e-32 2.249210e-32 2.024697e-32 1.818863e-32 1.631361e-32 1.461268e-32 1.307555e-32 1.169096e-32 1.044600e-32 9.328676e-33 8.327603e-33
**Charge state=12, Number of density intervals=1
1.900000e+01 3.495946e-31 8.000000e+03 8.060000e-02 7.834800e+00 -2.452500e+00 46 | run_id=20260527_044647 w=0.15 opt=slsqp
1.584747e+00 1.994941e+00 2.511366e+00 3.161477e+00 3.979880e+00 5.010142e+00 6.306959e+00 7.939625e+00 9.994936e+00 1.258230e+01 1.583945e+01 1.993976e+01 2.510094e+01 3.159876e+01 3.977865e+01 5.007604e+01 6.303910e+01 7.935604e+01 9.989874e+01 1.257593e+02 1.583142e+02 1.992967e+02 2.508823e+02 3.158275e+02 3.975850e+02 5.005068e+02 6.300717e+02 7.931585e+02 9.984814e+02 1.256956e+03 1.582341e+03 1.991957e+03 2.507552e+03 3.156676e+03 3.973837e+03 5.002533e+03 6.297526e+03 7.927751e+03 9.979758e+03 1.256319e+04 1.581539e+04 1.990948e+04 2.506340e+04 3.155077e+04 3.971824e+04 5.000000e+04
7.768014e-47 1.158484e-43 3.754914e-41 3.620345e-39 1.332355e-37 2.281498e-36 2.127502e-35 1.224193e-34 4.800318e-34 1.388002e-33 3.150721e-33 5.901195e-33 9.487461e-33 1.351139e-32 1.748236e-32 2.099907e-32 2.390012e-32 2.632813e-32 2.863387e-32 3.115803e-32 3.401653e-32 3.704503e-32 3.989422e-32 4.219296e-32 4.367169e-32 4.420893e-32 4.382783e-32 4.264813e-32 4.083946e-32 3.858158e-32 3.604209e-32 3.336107e-32 3.064926e-32 2.798852e-32 2.543373e-32 2.302184e-32 2.077352e-32 1.869778e-32 1.679577e-32 1.506330e-32 1.349211e-32 1.207258e-32 1.079369e-32 9.644062e-33 8.612515e-33 7.688294e-33
**Charge state=13, Number of density intervals=1
1.900000e+01 4.431231e-31 8.000000e+03 8.000000e-02 7.597800e+00 -2.533600e+00 46 | run_id=20260527_050144 w=0.10 opt=slsqp
1.584747e+00 1.994941e+00 2.511366e+00 3.161477e+00 3.979880e+00 5.010142e+00 6.306959e+00 7.939625e+00 9.994936e+00 1.258230e+01 1.583945e+01 1.993976e+01 2.510094e+01 3.159876e+01 3.977865e+01 5.007604e+01 6.303910e+01 7.935604e+01 9.989874e+01 1.257593e+02 1.583142e+02 1.992967e+02 2.508823e+02 3.158275e+02 3.975850e+02 5.005068e+02 6.300717e+02 7.931585e+02 9.984814e+02 1.256956e+03 1.582341e+03 1.991957e+03 2.507552e+03 3.156676e+03 3.973837e+03 5.002533e+03 6.297526e+03 7.927751e+03 9.979758e+03 1.256319e+04 1.581539e+04 1.990948e+04 2.506340e+04 3.155077e+04 3.971824e+04 5.000000e+04
2.118849e-45 1.355751e-42 2.267253e-40 1.312865e-38 3.288441e-37 4.245707e-36 3.243097e-35 1.632601e-34 5.891149e-34 1.626522e-33 3.616096e-33 6.741864e-33 1.089206e-32 1.566354e-32 2.049840e-32 2.487310e-32 2.846099e-32 3.122051e-32 3.335877e-32 3.517548e-32 3.688077e-32 3.849639e-32 3.988320e-32 4.084134e-32 4.120975e-32 4.091382e-32 3.997146e-32 3.847069e-32 3.653760e-32 3.430362e-32 3.189554e-32 2.941779e-32 2.695256e-32 2.456009e-32 2.228179e-32 2.014327e-32 1.815767e-32 1.633052e-32 1.466020e-32 1.314165e-32 1.176630e-32 1.052519e-32 9.408058e-33 8.404464e-33 7.504470e-33 6.698229e-33
**Charge state=14, Number of density intervals=1
1.900000e+01 5.338489e-31 8.000001e+03 1.738000e-01 7.430500e+00 -2.577300e+00 46 | run_id=20260527_051809 w=0.10 opt=slsqp
1.584747e+00 1.994941e+00 2.511366e+00 3.161477e+00 3.979880e+00 5.010142e+00 6.306959e+00 7.939625e+00 9.994936e+00 1.258230e+01 1.583945e+01 1.993976e+01 2.510094e+01 3.159876e+01 3.977865e+01 5.007604e+01 6.303910e+01 7.935604e+01 9.989874e+01 1.257593e+02 1.583142e+02 1.992967e+02 2.508823e+02 3.158275e+02 3.975850e+02 5.005068e+02 6.300717e+02 7.931585e+02 9.984814e+02 1.256956e+03 1.582341e+03 1.991957e+03 2.507552e+03 3.156676e+03 3.973837e+03 5.002533e+03 6.297526e+03 7.927751e+03 9.979758e+03 1.256319e+04 1.581539e+04 1.990948e+04 2.506340e+04 3.155077e+04 3.971824e+04 5.000000e+04
1.118845e-44 4.981728e-42 6.208690e-40 2.834197e-38 5.891149e-37 6.633306e-36 4.622320e-35 2.198568e-34 7.668846e-34 2.072383e-33 4.535550e-33 8.344878e-33 1.332140e-32 1.894654e-32 2.454483e-32 2.949986e-32 3.340642e-32 3.613516e-32 3.780333e-32 3.866607e-32 3.898073e-32 3.891885e-32 3.854340e-32 3.784949e-32 3.681714e-32 3.544867e-32 3.377847e-32 3.186545e-32 2.978585e-32 2.761595e-32 2.542436e-32 2.326644e-32 2.118605e-32 1.921189e-32 1.736321e-32 1.564912e-32 1.407278e-32 1.263252e-32 1.132348e-32 1.013841e-32 9.069012e-33 8.106250e-33 7.241524e-33 6.466064e-33 5.771384e-33 5.149796e-33
**Charge state=15, Number of density intervals=1
1.900000e+01 1.122565e-31 8.000001e+03 1.133700e+00 7.274900e+00 -1.737400e+00 46 | run_id=20260527_051818 w=0.10 opt=slsqp
1.584747e+00 1.994941e+00 2.511366e+00 3.161477e+00 3.979880e+00 5.010142e+00 6.306959e+00 7.939625e+00 9.994936e+00 1.258230e+01 1.583945e+01 1.993976e+01 2.510094e+01 3.159876e+01 3.977865e+01 5.007604e+01 6.303910e+01 7.935604e+01 9.989874e+01 1.257593e+02 1.583142e+02 1.992967e+02 2.508823e+02 3.158275e+02 3.975850e+02 5.005068e+02 6.300717e+02 7.931585e+02 9.984814e+02 1.256956e+03 1.582341e+03 1.991957e+03 2.507552e+03 3.156676e+03 3.973837e+03 5.002533e+03 6.297526e+03 7.927751e+03 9.979758e+03 1.256319e+04 1.581539e+04 1.990948e+04 2.506340e+04 3.155077e+04 3.971824e+04 5.000000e+04
1.920525e-45 1.610275e-42 3.303315e-40 2.214522e-38 6.106467e-37 8.313808e-36 6.461599e-35 3.217214e-34 1.124579e-33 2.967905e-33 6.265706e-33 1.107848e-32 1.701414e-32 2.336415e-32 2.935554e-32 3.437004e-32 3.805397e-32 4.032645e-32 4.132282e-32 4.130951e-32 4.057794e-32 3.937586e-32 3.786605e-32 3.614265e-32 3.425626e-32 3.224408e-32 3.013977e-32 2.798530e-32 2.582260e-32 2.369300e-32 2.163067e-32 1.966346e-32 1.781025e-32 1.608274e-32 1.448605e-32 1.302147e-32 1.168503e-32 1.047177e-32 9.374109e-33 8.384169e-33 7.493419e-33 6.693450e-33 5.976267e-33 5.333963e-33 4.759376e-33 4.245707e-33
**Charge state=16, Number of density intervals=1
1.900000e+01 7.404013e-32 8.000514e+03 1.049400e+00 5.839300e+00 -1.803700e+00 46 | run_id=20260527_051849 w=0.10 opt=slsqp
1.584747e+00 1.994941e+00 2.511366e+00 3.161477e+00 3.979880e+00 5.010142e+00 6.306959e+00 7.939625e+00 9.994936e+00 1.258230e+01 1.583945e+01 1.993976e+01 2.510094e+01 3.159876e+01 3.977865e+01 5.007604e+01 6.303910e+01 7.935604e+01 9.989874e+01 1.257593e+02 1.583142e+02 1.992967e+02 2.508823e+02 3.158275e+02 3.975850e+02 5.005068e+02 6.300717e+02 7.931585e+02 9.984814e+02 1.256956e+03 1.582341e+03 1.991957e+03 2.507552e+03 3.156676e+03 3.973837e+03 5.002533e+03 6.297526e+03 7.927751e+03 9.979758e+03 1.256319e+04 1.581539e+04 1.990948e+04 2.506340e+04 3.155077e+04 3.971824e+04 5.000000e+04
1.121089e-40 8.375100e-39 2.516692e-37 3.668681e-36 3.010302e-35 1.564840e-34 5.660438e-34 1.535041e-33 3.311540e-33 5.956484e-33 9.273422e-33 1.287301e-32 1.631361e-32 1.923047e-32 2.140228e-32 2.275674e-32 2.333727e-32 2.326591e-32 2.270544e-32 2.182981e-32 2.079409e-32 1.970743e-32 1.862730e-32 1.756912e-32 1.652571e-32 1.548567e-32 1.444275e-32 1.339923e-32 1.236431e-32 1.135011e-32 1.036979e-32 9.433872e-33 8.551061e-33 7.726984e-33 6.964020e-33 6.263109e-33 5.622766e-33 5.040690e-33 4.513672e-33 4.037941e-33 3.609608e-33 3.224779e-33 2.879652e-33 2.570396e-33 2.293718e-33 2.046256e-33
**Charge state=17, Number of density intervals=1
1.900000e+01 1.019401e-30 8.000000e+03 8.000000e-02 5.664110e+01 -2.901000e+00 46 | run_id=20260527_052058 w=0.20 opt=slsqp
1.584747e+00 1.994941e+00 2.511366e+00 3.161477e+00 3.979880e+00 5.010142e+00 6.306959e+00 7.939625e+00 9.994936e+00 1.258230e+01 1.583945e+01 1.993976e+01 2.510094e+01 3.159876e+01 3.977865e+01 5.007604e+01 6.303910e+01 7.935604e+01 9.989874e+01 1.257593e+02 1.583142e+02 1.992967e+02 2.508823e+02 3.158275e+02 3.975850e+02 5.005068e+02 6.300717e+02 7.931585e+02 9.984814e+02 1.256956e+03 1.582341e+03 1.991957e+03 2.507552e+03 3.156676e+03 3.973837e+03 5.002533e+03 6.297526e+03 7.927751e+03 9.979758e+03 1.256319e+04 1.581539e+04 1.990948e+04 2.506340e+04 3.155077e+04 3.971824e+04 5.000000e+04
1.000000e-80 1.000000e-80 1.000000e-80 1.000000e-80 1.000000e-80 1.000000e-80 1.000000e-80 1.000000e-80 1.000000e-80 1.000000e-80 1.000000e-80 1.000000e-80 1.000000e-80 7.897870e-75 5.253394e-66 5.233955e-59 1.852892e-53 4.630416e-49 1.409451e-45 8.063619e-43 1.224334e-40 6.490079e-39 1.492794e-37 1.769701e-36 1.238939e-35 5.704006e-35 1.880745e-34 4.752477e-34 9.713372e-34 1.676332e-33 2.528017e-33 3.424049e-33 4.257160e-33 4.944359e-33 5.439262e-33 5.730995e-33 5.834585e-33 5.780029e-33 5.603121e-33 5.338632e-33 5.017415e-33 4.664338e-33 4.298728e-33 3.934685e-33 3.581707e-33 3.246385e-33
**Charge state=18, Number of density intervals=1
1.900000e+01 3.911526e-31 7.999990e+03 1.496000e-01 5.839780e+01 -2.811700e+00 46 | run_id=20260527_052326 w=0.15 opt=slsqp
1.584747e+00 1.994941e+00 2.511366e+00 3.161477e+00 3.979880e+00 5.010142e+00 6.306959e+00 7.939625e+00 9.994936e+00 1.258230e+01 1.583945e+01 1.993976e+01 2.510094e+01 3.159876e+01 3.977865e+01 5.007604e+01 6.303910e+01 7.935604e+01 9.989874e+01 1.257593e+02 1.583142e+02 1.992967e+02 2.508823e+02 3.158275e+02 3.975850e+02 5.005068e+02 6.300717e+02 7.931585e+02 9.984814e+02 1.256956e+03 1.582341e+03 1.991957e+03 2.507552e+03 3.156676e+03 3.973837e+03 5.002533e+03 6.297526e+03 7.927751e+03 9.979758e+03 1.256319e+04 1.581539e+04 1.990948e+04 2.506340e+04 3.155077e+04 3.971824e+04 5.000000e+04
1.000000e-80 1.000000e-80 1.000000e-80 1.000000e-80 1.000000e-80 1.000000e-80 1.000000e-80 1.000000e-80 1.000000e-80 1.000000e-80 1.000000e-80 1.000000e-80 1.000000e-80 1.286441e-77 2.809312e-68 7.195981e-61 5.393616e-55 2.445513e-50 1.194483e-46 9.944203e-44 2.032731e-41 1.364300e-39 3.787128e-38 5.220355e-37 4.128383e-36 2.098795e-35 7.503778e-35 2.025863e-34 4.370489e-34 7.881883e-34 1.231885e-33 1.717434e-33 2.185697e-33 2.586604e-33 2.888684e-33 3.080562e-33 3.166577e-33 3.161258e-33 3.083401e-33 2.952297e-33 2.785480e-33 2.597527e-33 2.399883e-33 2.200949e-33 2.006689e-33 1.821042e-33
